model,qubits,seed,ev,auc,acc,f1,params,bytes
VQC_L2,4.0,0,0.48436840684636884,0.6145677783308445,0.5755627009646302,0.5384615384615384,25,7200
MatchedMLP,4.0,0,0.48436840684636884,0.9614858138377302,0.8810289389067524,0.8882175226586103,25,7200
VQC_L2,4.0,1,0.48436840684636884,0.6151381284221005,0.5627009646302251,0.519434628975265,25,7200
MatchedMLP,4.0,1,0.48436840684636884,0.9581985233117637,0.8697749196141479,0.8740279937791602,25,7200
VQC_L2,4.0,2,0.48436840684636884,0.6158432885349262,0.5659163987138264,0.5195729537366548,25,7200
MatchedMLP,4.0,2,0.48436840684636884,0.9599303135888502,0.8810289389067524,0.8878787878787879,25,7200
VQC_L2,4.0,3,0.48436840684636884,0.6115293678446989,0.5562700964630225,0.5088967971530249,25,7200
MatchedMLP,4.0,3,0.48436840684636884,0.9620769039323046,0.8890675241157556,0.8940092165898618,25,7200
VQC_L2,4.0,4,0.48436840684636884,0.6165795586527293,0.5530546623794212,0.512280701754386,25,7200
MatchedMLP,4.0,4,0.48436840684636884,0.9520387423261988,0.8681672025723473,0.8753799392097265,25,7200
VQC_L2,6.0,0,0.5350174080037986,0.5047287207565954,0.49517684887459806,0.4935483870967742,37,10656
MatchedMLP,6.0,0,0.5350174080037986,0.9662145345943255,0.8778135048231511,0.8837920489296636,33,9504
VQC_L2,6.0,1,0.5350174080037986,0.4975630496100879,0.5032154340836013,0.49261083743842365,37,10656
MatchedMLP,6.0,1,0.5350174080037986,0.9587377633980422,0.8665594855305466,0.8732824427480916,33,9504
VQC_L2,6.0,2,0.5350174080037986,0.5105981416957026,0.5,0.47554806070826305,37,10656
MatchedMLP,6.0,2,0.5350174080037986,0.9641923842707815,0.8810289389067524,0.8885542168674698,33,9504
VQC_L2,6.0,3,0.5350174080037986,0.5275634644101543,0.5192926045016077,0.5106382978723404,37,10656
MatchedMLP,6.0,3,0.5350174080037986,0.9641509042641447,0.8729903536977492,0.881559220389805,33,9504
VQC_L2,6.0,4,0.5350174080037986,0.531016674962668,0.5257234726688103,0.5249597423510467,37,10656
MatchedMLP,6.0,4,0.5350174080037986,0.9635701841712294,0.8778135048231511,0.8851963746223565,33,9504
VQC_L2,8.0,0,0.5746315688053505,0.5253857640617223,0.5176848874598071,0.5440729483282675,49,14112
MatchedMLP,8.0,0,0.5746315688053505,0.9657064045130247,0.8938906752411575,0.899390243902439,51,14688
VQC_L2,8.0,1,0.5746315688053505,0.5225651236104198,0.5032154340836013,0.5282442748091603,49,14112
MatchedMLP,8.0,1,0.5746315688053505,0.9624191139870583,0.8890675241157556,0.8962406015037594,51,14688
VQC_L2,8.0,2,0.5746315688053505,0.5410133565621371,0.5289389067524116,0.5646359583952452,49,14112
MatchedMLP,8.0,2,0.5746315688053505,0.9618280238924838,0.8890675241157556,0.8940092165898618,51,14688
VQC_L2,8.0,3,0.5746315688053505,0.5685560809689729,0.5932475884244373,0.6240713224368499,49,14112
MatchedMLP,8.0,3,0.5746315688053505,0.9645034843205575,0.8842443729903537,0.8912386706948641,51,14688
VQC_L2,8.0,4,0.5746315688053505,0.5707752613240418,0.5755627009646302,0.5900621118012422,49,14112
MatchedMLP,8.0,4,0.5746315688053505,0.9582918533266966,0.8906752411575563,0.8960244648318043,51,14688
FullMLP,,0,1.0,0.9990044798407167,0.9871382636655949,0.9878048780487805,9009,2594592
FullMLP,,1,1.0,0.998781524805044,0.9807073954983923,0.9815950920245399,9009,2594592
FullMLP,,2,1.0,0.9988281898125104,0.9790996784565916,0.9803328290468987,9009,2594592
FullMLP,,3,1.0,0.9989733698357391,0.9742765273311897,0.9759036144578314,9009,2594592
FullMLP,,4,1.0,0.9989526298324207,0.9871382636655949,0.9878048780487805,9009,2594592
