depth,seed,round,test_acc,test_f1,test_auc,cumulative_bytes,n_params
2,0,1,0.5093346098611776,0.30224642614023145,0.5055667482531068,6272,49
2,0,2,0.6179990426041168,0.2611111111111111,0.5140042846756245,12544,49
2,0,3,0.5227381522259454,0.29240596167494676,0.5282402859410469,18816,49
2,0,4,0.6055528961225467,0.28719723183391005,0.5546060262963641,25088,49
2,0,5,0.5615126854954524,0.3428981348637016,0.5835858627904782,31360,49
2,0,6,0.5667783628530397,0.3408594319009468,0.5986488286518257,37632,49
2,0,7,0.5557683101962662,0.34831460674157305,0.6002250564722468,43904,49
2,0,8,0.5270464337003351,0.36175710594315247,0.6027004001620628,50176,49
2,0,9,0.5414073719483006,0.36387782204515273,0.6048760385620806,56448,49
2,0,10,0.5021541407371948,0.39323220536756126,0.6173609839213663,62720,49
2,0,11,0.5131641933939685,0.3877182420228778,0.6085280030192532,68992,49
2,0,12,0.48635710866443277,0.3988795518207283,0.6234050405989665,75264,49
2,0,13,0.47774054571565344,0.3887955182072829,0.6152491716478794,81536,49
2,0,14,0.44901866921972233,0.3906829010058232,0.6154808882376774,87808,49
2,0,15,0.4940162757300144,0.38150965476887067,0.6182920128540269,94080,49
2,0,16,0.47056007659167065,0.3949671772428884,0.6297016267337118,100352,49
2,0,17,0.4796553374820488,0.3813318155947638,0.6275814893132864,106624,49
2,0,18,0.4413595021541407,0.3722431414739107,0.6325474394623065,112896,49
2,0,19,0.4940162757300144,0.37492607924305144,0.630305199886778,119168,49
2,0,20,0.4552417424605074,0.37265711135611906,0.6373052609378556,125440,49
2,0,21,0.47103877453326953,0.37251561612720047,0.6272568085826715,131712,49
2,0,22,0.4801340354236477,0.3729792147806005,0.6283612780765581,137984,49
2,0,23,0.5059837242699856,0.38498212157330153,0.6335866953051721,144256,49
2,0,24,0.46290090952608903,0.37942477876106195,0.6425653662787149,150528,49
2,0,25,0.5193872666347534,0.3787128712871287,0.6432591285236184,156800,49
2,1,1,0.49784585926280517,0.31393067364290383,0.5015318270367473,6272,49
2,1,2,0.59167065581618,0.27156276686592656,0.50878164249599,12544,49
2,1,3,0.488750598372427,0.30013106159895153,0.5090730226388496,18816,49
2,1,4,0.5399712781235041,0.27906976744186046,0.5161826981246219,25088,49
2,1,5,0.5256103398755385,0.2718589272593681,0.5251239059369397,31360,49
2,1,6,0.49784585926280517,0.3039150630391506,0.5351376701798787,37632,49
2,1,7,0.5308760172331259,0.2877906976744186,0.5460297374248656,43904,49
2,1,8,0.5993298228817616,0.32226720647773277,0.5784922603883959,50176,49
2,1,9,0.5892771661081857,0.36350148367952523,0.6067367089029122,56448,49
2,1,10,0.6036381043561513,0.3774436090225564,0.6212377273458877,62720,49
2,1,11,0.6017233125897559,0.3891336270190896,0.6291022161541151,68992,49
2,1,12,0.6385830540928674,0.38767234387672345,0.6361050522541722,75264,49
2,1,13,0.6610818573480134,0.3979591836734694,0.6470581705767107,81536,49
2,1,14,0.6242221158449018,0.4075471698113208,0.64547916770731,87808,49
2,1,15,0.6610818573480134,0.4158415841584158,0.6560243538298451,94080,49
2,1,16,0.6505505026328386,0.41318327974276525,0.6557829245686186,100352,49
2,1,17,0.697941598851125,0.42056932966023874,0.6583651076441499,106624,49
2,1,18,0.6376256582096697,0.4136328427575523,0.658205542327822,112896,49
2,1,19,0.6673049305887985,0.41151566469093986,0.6558398130727008,119168,49
2,1,20,0.6275730014360938,0.3940809968847352,0.6536558495257442,125440,49
2,1,21,0.659167065581618,0.40863787375415284,0.654556352919629,131712,49
2,1,22,0.6223073240785064,0.396327467482785,0.6534754713420692,137984,49
2,1,23,0.6404978458592628,0.40444091990483744,0.6575964190767967,144256,49
2,1,24,0.6711345141215893,0.4173027989821883,0.6590796827564005,150528,49
2,1,25,0.6390617520344662,0.40348101265822783,0.6601688894808992,156800,49
2,2,1,0.4988032551460029,0.3107307439104674,0.5160328454797228,6272,49
2,2,2,0.5457156534226902,0.3167746580273578,0.5414259311676851,12544,49
2,2,3,0.5299186213499282,0.3218232044198895,0.5515756728106251,18816,49
2,2,4,0.5256103398755385,0.3272233536999321,0.5665484495801351,25088,49
2,2,5,0.49593106749640975,0.33480732785849654,0.5829587017210853,31360,49
2,2,6,0.5763523216850167,0.3320754716981132,0.6016611443191973,37632,49
2,2,7,0.5533748204882719,0.35343035343035345,0.6147385626356305,43904,49
2,2,8,0.6199138343705122,0.37183544303797467,0.6292243183092182,50176,49
2,2,9,0.5811393011010053,0.38162544169611307,0.6336616216276217,56448,49
2,2,10,0.6582096696984203,0.3969594594594595,0.6436628981501524,62720,49
2,2,11,0.6146481570129249,0.4111192392099488,0.6497138924502017,68992,49
2,2,12,0.6404978458592628,0.4119028974158183,0.6526290814032868,75264,49
2,2,13,0.6558161799904261,0.41401792991035047,0.6557898621910676,81536,49
2,2,14,0.6792723791287697,0.4163763066202091,0.6556816352808627,87808,49
2,2,15,0.6395404499760651,0.40380047505938244,0.6552515026890224,94080,49
2,2,16,0.6314025849688847,0.4040247678018576,0.6566875905359728,100352,49
2,2,17,0.6203925323121111,0.4024114544084401,0.6574465664318975,106624,49
2,2,18,0.6606031594064146,0.4066945606694561,0.6518284797726679,112896,49
2,2,19,0.6275730014360938,0.40610687022900765,0.6541844963563606,119168,49
2,2,20,0.688367640019148,0.4192685102586976,0.6584386464421097,125440,49
2,2,21,0.6548587841072283,0.4095004095004095,0.6544106628481994,131712,49
2,2,22,0.6960268070847295,0.41796516956920254,0.655780149519639,137984,49
2,2,23,0.6290090952608903,0.41064638783269963,0.6640275950870533,144256,49
2,2,24,0.6811871708951651,0.41986062717770034,0.6603048668809005,150528,49
2,2,25,0.6644327429392054,0.42304526748971194,0.6635877498237844,156800,49
2,3,1,0.5428434657730972,0.3013899049012436,0.49952962919795535,6272,49
2,3,2,0.6065102920057444,0.2751322751322751,0.5130108171409226,12544,49
2,3,3,0.5270464337003351,0.2972972972972973,0.5342524295553817,18816,49
2,3,4,0.6266156055528961,0.30604982206405695,0.5655105812617592,25088,49
2,3,5,0.5921493537577789,0.32701421800947866,0.5917930701476881,31360,49
2,3,6,0.5528961225466731,0.3477653631284916,0.6129583687152078,37632,49
2,3,7,0.5485878410722834,0.3518900343642612,0.6146400483968543,43904,49
2,3,8,0.5753949258018191,0.3595667870036101,0.6249923686153062,50176,49
2,3,9,0.5308760172331259,0.391304347826087,0.6399165820276728,56448,49
2,3,10,0.5801819052178075,0.38628411476557034,0.6416010367582987,62720,49
2,3,11,0.5102920057443753,0.38925373134328356,0.631463782835767,68992,49
2,3,12,0.5102920057443753,0.38852361028093246,0.6265658213867475,75264,49
2,3,13,0.5280038295835328,0.3743654822335025,0.625770769854088,81536,49
2,3,14,0.543322163714696,0.38212435233160624,0.6282627638377818,87808,49
2,3,15,0.546673049305888,0.3806409417920209,0.6282377883969652,94080,49
2,3,16,0.5265677357587363,0.37206349206349204,0.6213903550397664,100352,49
2,3,17,0.5428434657730972,0.3770384866275277,0.6271402565255276,106624,49
2,3,18,0.6026807084729535,0.38152011922503726,0.6266504603806257,112896,49
2,3,19,0.5835327908089996,0.3812233285917496,0.6357623337051899,119168,49
2,3,20,0.6160842508377214,0.3951734539969834,0.644241495862402,125440,49
2,3,21,0.6127333652465294,0.39761727475800446,0.652167035748181,131712,49
2,3,22,0.584968884633796,0.39243167484232655,0.6436129472685193,137984,49
2,3,23,0.6543800861656295,0.4003322259136213,0.6490617559399924,144256,49
2,3,24,0.6112972714217328,0.41244573082489144,0.6638486044278682,150528,49
2,3,25,0.6471996170416467,0.4108713029576339,0.6628010234380637,156800,49
2,4,1,0.5150789851603638,0.31322033898305085,0.5239597728899915,6272,49
2,4,2,0.6160842508377214,0.2877442273534636,0.5477780182820227,12544,49
2,4,3,0.5758736237434179,0.30236220472440944,0.5743102615761168,18816,49
2,4,4,0.6328386787936812,0.28116213683223995,0.5830419531904738,25088,49
2,4,5,0.6031594064145525,0.3108894430590191,0.5939243077640322,31360,49
2,4,6,0.6055528961225467,0.3063973063973064,0.5928656265783091,37632,49
2,4,7,0.5753949258018191,0.3075722092115535,0.5835039988455796,43904,49
2,4,8,0.5662996649114409,0.3083969465648855,0.5791998978781975,50176,49
2,4,9,0.5667783628530397,0.30863254392666156,0.5763568601985825,56448,49
2,4,10,0.5485878410722834,0.3151779230210603,0.5798076336047331,62720,49
2,4,11,0.5366203925323121,0.3287101248266297,0.5730101511291674,68992,49
2,4,12,0.6017233125897559,0.30782029950083195,0.5773045394251208,75264,49
2,4,13,0.5528961225466731,0.32611832611832614,0.5827491855231245,81536,49
2,4,14,0.6247008137865007,0.36363636363636365,0.6045249948661594,87808,49
2,4,15,0.6409765438008617,0.36548223350253806,0.6165090438846246,94080,49
2,4,16,0.6874102441359502,0.3641674780915287,0.6331315872725154,100352,49
2,4,17,0.649593106749641,0.39,0.6387441238337856,106624,49
2,4,18,0.66251795117281,0.38748913987836664,0.6426153171603479,112896,49
2,4,19,0.6428913355672571,0.3934959349593496,0.6437669624868879,119168,49
2,4,20,0.6649114408808042,0.3934142114384749,0.6434145312664767,125440,49
2,4,21,0.6074676878889421,0.3889716840536513,0.6405645559644128,131712,49
2,4,22,0.6558161799904261,0.3859948761742101,0.6326057154908784,137984,49
2,4,23,0.572522738152226,0.38200692041522494,0.6295101483541184,144256,49
2,4,24,0.6323599808520823,0.3904761904761905,0.6309351360051505,150528,49
2,4,25,0.5964576352321685,0.3860160233066278,0.6305369164765758,156800,49
3,0,1,0.2589755864049785,0.20777891504605936,0.2814482425614812,9344,73
3,0,2,0.3757778841550981,0.2135102533172497,0.3585737913274169,18688,73
3,0,3,0.42939205361416943,0.3257918552036199,0.5159190684715584,28032,73
3,0,4,0.4906653901388224,0.3792298716452742,0.593910432519134,37376,73
3,0,5,0.5835327908089996,0.4246031746031746,0.6868593105668316,46720,73
3,0,6,0.6031594064145525,0.4402430790006752,0.7065246951608695,56064,73
3,0,7,0.6050741981809479,0.44369521240728255,0.7053425242955539,65408,73
3,0,8,0.6103398755385352,0.4339360222531293,0.6934944526770896,74752,73
3,0,9,0.595021541407372,0.4485006518904824,0.6986324558628461,84096,73
3,0,10,0.610818573480134,0.4112961622013034,0.6811954355994383,93440,73
3,0,11,0.6146481570129249,0.43349753694581283,0.7006415913240869,102784,73
3,0,12,0.6223073240785064,0.43843416370106764,0.7084949799363959,112128,73
3,0,13,0.5911919578745811,0.4447334200260078,0.6865276922137675,121472,73
3,0,14,0.5955002393489708,0.4278943805010156,0.6770342496545065,130816,73
3,0,15,0.5959789372905696,0.43049932523616735,0.6824539203116935,140160,73
3,0,16,0.6337960746768789,0.4403803950256035,0.7020998795628742,149504,73
3,0,17,0.6065102920057444,0.44157608695652173,0.6997896512873452,158848,73
3,0,18,0.6208712302537099,0.43909348441926344,0.6987490079199898,168192,73
3,0,19,0.6247008137865007,0.45098039215686275,0.7099768560915101,177536,73
3,0,20,0.6203925323121111,0.43397573162027125,0.706860476087403,186880,73
3,0,21,0.6443274293920536,0.44758364312267657,0.7080745600159842,196224,73
3,0,22,0.6213499281953088,0.4495476687543493,0.7051954466996342,205568,73
3,0,23,0.6371469602680708,0.4684431977559607,0.7231819266610057,214912,73
3,0,24,0.6136907611297271,0.4630738522954092,0.7048471780526926,224256,73
3,0,25,0.6381043561512686,0.44165435745937964,0.6995121463893839,233600,73
3,1,1,0.24413595021541407,0.20772704465629704,0.27596058320429356,9344,73
3,1,2,0.44997606510292004,0.17516152189519024,0.31240946402704006,18688,73
3,1,3,0.48396361895643847,0.18456883509833585,0.4208389528075171,28032,73
3,1,4,0.5160363810435615,0.34478289047310434,0.5582052648229241,37376,73
3,1,5,0.5428434657730972,0.3889955214331414,0.6091551640886461,46720,73
3,1,6,0.52082336045955,0.38324091189155884,0.5836705017843564,56064,73
3,1,7,0.5227381522259454,0.410408042578356,0.6152547217458388,65408,73
3,1,8,0.5591191957874582,0.4408014571948998,0.6893374293056272,74752,73
3,1,9,0.6160842508377214,0.454421768707483,0.7294396621100361,84096,73
3,1,10,0.6677836285303973,0.48208955223880595,0.7427487970162674,93440,73
3,1,11,0.6189564384873145,0.46862483311081443,0.7486416135244789,102784,73
3,1,12,0.6945907132599329,0.5023400936037441,0.7570402992612819,112128,73
3,1,13,0.6787936811871709,0.502594514455152,0.7591562741082379,121472,73
3,1,14,0.6797510770703686,0.49962602842183995,0.7591382362898704,130816,73
3,1,15,0.6811871708951651,0.49849397590361444,0.7568293955388313,140160,73
3,1,16,0.681665868836764,0.5033607169529499,0.7627166619490835,149504,73
3,1,17,0.6969842029679273,0.5066250974279034,0.7589661832531345,158848,73
3,1,18,0.665390138822403,0.49530685920577616,0.7589578581061955,168192,73
3,1,19,0.6988989947343226,0.509742790335152,0.7613568879490724,177536,73
3,1,20,0.6601244614648157,0.4892086330935252,0.7625917847450008,186880,73
3,1,21,0.6826232647199617,0.4988662131519274,0.7658205542327823,196224,73
3,1,22,0.665390138822403,0.49530685920577616,0.7715982062083395,205568,73
3,1,23,0.6811871708951651,0.5014970059880239,0.7690035354124,214912,73
3,1,24,0.6807084729535663,0.5026099925428784,0.7832409242023122,224256,73
3,1,25,0.6874102441359502,0.5079125847776941,0.7801148315267764,233600,73
3,2,1,0.25658209669698423,0.19989696032972695,0.2743996181532604,9344,73
3,2,2,0.38535184298707514,0.17374517374517376,0.32251757993528585,18688,73
3,2,3,0.5150789851603638,0.26219956300072833,0.48526310239375725,28032,73
3,2,4,0.7884155098133078,0.5526315789473685,0.8280107893904327,37376,73
3,2,5,0.6524652943992341,0.5261096605744126,0.8520801767151189,46720,73
3,2,6,0.6677836285303973,0.5246575342465754,0.8151983882515526,56064,73
3,2,7,0.6921972235519387,0.5377426312005751,0.7947102016350589,65408,73
3,2,8,0.6831019626615605,0.5311614730878187,0.7931922498432097,74752,73
3,2,9,0.6797510770703686,0.5292047853624209,0.7828329920023088,84096,73
3,2,10,0.6955481091431307,0.5397973950795948,0.7846076358247722,93440,73
3,2,11,0.6902824317855433,0.5355348169418521,0.7871648434594871,102784,73
3,2,12,0.6945907132599329,0.5390173410404624,0.7858147821309046,112128,73
3,2,13,0.685016754427956,0.5320056899004267,0.7850225056472248,121472,73
3,2,14,0.6831019626615605,0.5311614730878187,0.7826748142104707,130816,73
3,2,15,0.6802297750119675,0.5295774647887324,0.7785136282655389,140160,73
3,2,16,0.6821445667783629,0.5317348377997179,0.7816993844941363,149504,73
3,2,17,0.7190043082814744,0.5589782118707739,0.795119521359552,158848,73
3,2,18,0.7103877453326951,0.5528455284552846,0.793830511108521,168192,73
3,2,19,0.697941598851125,0.5430847212165097,0.7881652486166381,177536,73
3,2,20,0.7032072762087123,0.5474452554744526,0.7866056710900948,186880,73
3,2,21,0.6917185256103399,0.5380200860832137,0.7872550325513245,196224,73
3,2,22,0.7103877453326951,0.5515196441808747,0.7891531660533809,205568,73
3,2,23,0.7012924844423168,0.5451895043731778,0.7905420780676777,214912,73
3,2,24,0.7151747247486836,0.5556385362210605,0.7902284975329815,224256,73
3,2,25,0.6859741503111536,0.5340909090909091,0.7806198904410663,233600,73
3,3,1,0.26184777405457155,0.20515463917525772,0.28117351271249935,9344,73
3,3,2,0.33556725706079465,0.2521551724137931,0.4021032096216498,18688,73
3,3,3,0.3949258018190522,0.3952153110047847,0.757738224079655,28032,73
3,3,4,0.6802297750119675,0.5269121813031161,0.8170354706760573,37376,73
3,3,5,0.6247008137865007,0.5037974683544304,0.8284908728639061,46720,73
3,3,6,0.7079942556247009,0.5573294629898403,0.8466979692191567,56064,73
3,3,7,0.7032072762087123,0.5474452554744526,0.8341769482231363,65408,73
3,3,8,0.7094303494494973,0.5513673318551368,0.81694389405973,74752,73
3,3,9,0.7060794638583054,0.5485294117647059,0.8070022810902613,84096,73
3,3,10,0.6874102441359502,0.5339043540328337,0.7988727751044804,93440,73
3,3,11,0.6778362853039732,0.5283812193412754,0.7856219162268214,102784,73
3,3,12,0.6735280038295836,0.5250696378830083,0.7871703935574462,112128,73
3,3,13,0.6807084729535663,0.5299506694855532,0.7870926921860171,121472,73
3,3,14,0.6716132120631881,0.5255878284923928,0.7858536328166192,130816,73
3,3,15,0.6649114408808042,0.5218579234972678,0.7707421035981286,140160,73
3,3,16,0.6778362853039732,0.5290412876137159,0.786451655871726,149504,73
3,3,17,0.6649114408808042,0.521203830369357,0.7853194358880433,158848,73
3,3,18,0.6907611297271422,0.5365853658536586,0.7903394994921659,168192,73
3,3,19,0.6950694112015319,0.5394070860448301,0.7989643517208078,177536,73
3,3,20,0.6898037338439444,0.5358166189111748,0.7886938954472547,186880,73
3,3,21,0.6998563906175204,0.5433357611070648,0.7899496051105303,196224,73
3,3,22,0.6917185256103399,0.5366906474820143,0.7920419920411595,205568,73
3,3,23,0.6859741503111536,0.5340909090909091,0.7796833114104464,214912,73
3,3,24,0.6874102441359502,0.5352313167259787,0.7894709091615468,224256,73
3,3,25,0.6773575873623744,0.5273492286115007,0.7863517541084601,233600,73
3,4,1,0.286261369076113,0.21319261213720317,0.3083689927127214,9344,73
3,4,2,0.5955002393489708,0.17075564278704614,0.4149808244115509,18688,73
3,4,3,0.7108664432742939,0.29603729603729606,0.6280060718071675,28032,73
3,4,4,0.7515557683101962,0.49951783992285437,0.762215765608263,37376,73
3,4,5,0.7108664432742939,0.5382262996941896,0.7699095889042441,46720,73
3,4,6,0.6945907132599329,0.5288035450516987,0.7801328693451439,56064,73
3,4,7,0.7151747247486836,0.5369649805447471,0.7791949027900342,65408,73
3,4,8,0.685016754427956,0.5183016105417276,0.7808793575206602,74752,73
3,4,9,0.7094303494494973,0.5341519570222564,0.7764365041042974,84096,73
3,4,10,0.6835806606031594,0.5213613323678494,0.7827733284492472,93440,73
3,4,11,0.713738630923887,0.5371517027863777,0.7812692519022959,102784,73
3,4,12,0.6787936811871709,0.5189964157706093,0.7843065430104842,112128,73
3,4,13,0.7151747247486836,0.539829853054911,0.7865307447676452,121472,73
3,4,14,0.7123025370990905,0.5351894818252126,0.7833241756717007,130816,73
3,4,15,0.7075155576831019,0.5310821181887951,0.7841442026451767,140160,73
3,4,16,0.6950694112015319,0.5249813571961223,0.7765835817002169,149504,73
3,4,17,0.6596457635232168,0.5045296167247387,0.7748644388573458,158848,73
3,4,18,0.6706558161799904,0.5141242937853108,0.7815620195696454,168192,73
3,4,19,0.6735280038295836,0.5114613180515759,0.7753139967920435,177536,73
3,4,20,0.6931546194351365,0.5297138664710198,0.7836113932410906,186880,73
3,4,21,0.6572522738152226,0.5068870523415978,0.785911908845191,196224,73
3,4,22,0.6701771182383915,0.5123849964614295,0.784256592128851,205568,73
3,4,23,0.6524652943992341,0.5013736263736264,0.7855608651492699,214912,73
3,4,24,0.6787936811871709,0.5183058147882269,0.7881694111901075,224256,73
3,4,25,0.67496409765438,0.511861969805895,0.7874784239941833,233600,73
4,0,1,0.2369554810914313,0.18256410256410258,0.25535306948167635,12416,97
4,0,2,0.3949258018190522,0.19490445859872613,0.3279455757394118,24832,97
4,0,3,0.40689325035902346,0.32109589041095893,0.47788008458349285,37248,97
4,0,4,0.5438008616562949,0.44881434355118566,0.6869578248056077,49664,97
4,0,5,0.6692197223551939,0.516445066480056,0.7732743357920266,62080,97
4,0,6,0.7127812350406894,0.5475113122171946,0.7788410840451333,74496,97
4,0,7,0.6902824317855433,0.5335255948089401,0.7825651997757761,86912,97
4,0,8,0.7075155576831019,0.5470719051148999,0.7835975179961925,99328,97
4,0,9,0.6811871708951651,0.5289957567185289,0.7841095145329315,111744,97
4,0,10,0.7012924844423168,0.5445255474452555,0.7866944726574424,124160,97
4,0,11,0.7027285782671134,0.545054945054945,0.7886619823839891,136576,97
4,0,12,0.6984202967927238,0.5421511627906976,0.7888007348329699,148992,97
4,0,13,0.6764001914791766,0.5259467040673211,0.7809501212696405,161408,97
4,0,14,0.6797510770703686,0.5278757939308398,0.7854679010084528,173824,97
4,0,15,0.6869315461943514,0.5335235378031383,0.7891531660533809,186240,97
4,0,16,0.6888463379607468,0.5343839541547278,0.7918338633676885,198656,97
4,0,17,0.6831019626615605,0.5298295454545454,0.7934711422656611,211072,97
4,0,18,0.685016754427956,0.5320056899004267,0.7879696076635754,223488,97
4,0,19,0.6835806606031594,0.5308729595457772,0.7861144874207031,235904,97
4,0,20,0.6811871708951651,0.5289957567185289,0.7889991508350123,248320,97
4,0,21,0.688367640019148,0.5346676197283774,0.7861130998962133,260736,97
4,0,22,0.6864528482527525,0.5331432644333571,0.7876962653390832,273152,97
4,0,23,0.6711345141215893,0.524567474048443,0.786876238365607,285568,97
4,0,24,0.6826232647199617,0.5307855626326964,0.7880153959717389,297984,97
4,0,25,0.7022498803255146,0.5446559297218155,0.790633654684005,310400,97
4,1,1,0.2312111057922451,0.18642350557244175,0.24230201413054941,12416,97
4,1,2,0.36668262326471995,0.1918142944410507,0.29697880417589373,24832,97
4,1,3,0.4030636668262326,0.2720373613543491,0.4168664701931989,37248,97
4,1,4,0.5007180469123983,0.35257603972687773,0.5521348451800174,49664,97
4,1,5,0.5380564863571087,0.39422473320778406,0.624646875017344,62080,97
4,1,6,0.5730014360938248,0.452760736196319,0.6868523729443824,74496,97
4,1,7,0.6127333652465294,0.4927899686520376,0.7280965384039028,86912,97
4,1,8,0.6060315940641455,0.48271527341294784,0.7578908517735338,99328,97
4,1,9,0.6706558161799904,0.5064562410329986,0.7765946818961356,111744,97
4,1,10,0.6859741503111536,0.5155096011816839,0.7779058925390033,124160,97
4,1,11,0.6395404499760651,0.4956463496316142,0.7821655927227116,136576,97
4,1,12,0.7175682144566778,0.5404984423676013,0.7907363314962509,148992,97
4,1,13,0.6826232647199617,0.5233644859813084,0.7895694234003229,161408,97
4,1,14,0.6921972235519387,0.524759793052476,0.787683777618675,173824,97
4,1,15,0.6965055050263284,0.5275707898658718,0.7887799219656226,186240,97
4,1,16,0.6778362853039732,0.5216773276474769,0.7874145978676524,198656,97
4,1,17,0.7032072762087123,0.5317220543806647,0.7864128051860114,211072,97
4,1,18,0.6505505026328386,0.5040760869565217,0.7803895613757583,223488,97
4,1,19,0.7094303494494973,0.5355776587605203,0.7880473090350045,235904,97
4,1,20,0.6711345141215893,0.5144876325088339,0.7892253173268508,248320,97
4,1,21,0.6950694112015319,0.5256887565152644,0.7831604477819034,260736,97
4,1,22,0.6582096696984203,0.5075862068965518,0.7891268030880744,273152,97
4,1,23,0.7036859741503112,0.5278413424866514,0.7841941535268098,285568,97
4,1,24,0.6845380564863571,0.5262401150251618,0.796559771779972,297984,97
4,1,25,0.7075155576831019,0.5388679245283019,0.7964099191350728,310400,97
4,2,1,0.23264719961704164,0.16813700051894137,0.22949100051615912,12416,97
4,2,2,0.43322163714696027,0.16147308781869688,0.32193898222303624,24832,97
4,2,3,0.5567257060794638,0.42197253433208487,0.6433146295032108,37248,97
4,2,4,0.6582096696984203,0.48633093525179855,0.7581669691470053,49664,97
4,2,5,0.6629966491144088,0.5083798882681564,0.7754277738002076,62080,97
4,2,6,0.6888463379607468,0.5343839541547278,0.7766696082185849,74496,97
4,2,7,0.687888942077549,0.5362731152204836,0.7855469899043718,86912,97
4,2,8,0.688367640019148,0.5353319057815846,0.7925040376962653,99328,97
4,2,9,0.6874102441359502,0.5345687811831789,0.7925831265921844,111744,97
4,2,10,0.7185256103398755,0.5592203898050975,0.8017310755534834,124160,97
4,2,11,0.7094303494494973,0.5507031828275352,0.7952527237105734,136576,97
4,2,12,0.7142173288654858,0.5554728220402085,0.7949280429799587,148992,97
4,2,13,0.7032072762087123,0.5467836257309941,0.7937819477513778,161408,97
4,2,14,0.7036859741503112,0.5471836137527433,0.7919726158166691,173824,97
4,2,15,0.6902824317855433,0.5362007168458781,0.7896235368554255,186240,97
4,2,16,0.6993776926759215,0.5436046511627907,0.7916978859676873,198656,97
4,2,17,0.7280995691718526,0.566412213740458,0.8037721240779899,211072,97
4,2,18,0.7237912876974629,0.5625473843821076,0.8016727995249116,223488,97
4,2,19,0.7051220679751077,0.5490483162518301,0.7976448159310012,235904,97
4,2,20,0.7223551938726663,0.5632530120481928,0.7917811374370758,248320,97
4,2,21,0.6974629009095261,0.5440115440115441,0.8036167213351315,260736,97
4,2,22,0.7333652465294399,0.5705474171164225,0.7983885290575379,273152,97
4,2,23,0.7161321206318813,0.5577926920208799,0.80672200114332,285568,97
4,2,24,0.7290569650550502,0.5685975609756098,0.8038789634637051,297984,97
4,2,25,0.7027285782671134,0.5490196078431373,0.7984398674636607,310400,97
4,3,1,0.24269985639061753,0.17604166666666668,0.24446932738362834,12416,97
4,3,2,0.34226902824317856,0.2094361334867664,0.323322344139374,24832,97
4,3,3,0.5495452369554811,0.41370716510903427,0.6530633765685964,37248,97
4,3,4,0.6711345141215893,0.513111268603827,0.8088934769698685,49664,97
4,3,5,0.7022498803255146,0.5433186490455213,0.818715762833214,62080,97
4,3,6,0.6988989947343226,0.5418790968681719,0.8038081997147251,74496,97
4,3,7,0.6936333173767353,0.5382395382395382,0.7899829056982856,86912,97
4,3,8,0.7060794638583054,0.5478645066273933,0.7907016433840056,99328,97
4,3,9,0.70416467209191,0.5455882352941176,0.7880958723921476,111744,97
4,3,10,0.685016754427956,0.5320056899004267,0.7849545169472242,124160,97
4,3,11,0.6826232647199617,0.5294535131298793,0.7770456273553229,136576,97
4,3,12,0.6821445667783629,0.5297450424929179,0.7784706150063548,148992,97
4,3,13,0.687888942077549,0.5342857142857143,0.7830314080043512,161408,97
4,3,14,0.6792723791287697,0.5275035260930888,0.7770511774532821,173824,97
4,3,15,0.6682623264719961,0.5237113402061856,0.7663922143225826,186240,97
4,3,16,0.6902824317855433,0.5355348169418521,0.7793225550430964,198656,97
4,3,17,0.6773575873623744,0.5306406685236769,0.7804589376002486,211072,97
4,3,18,0.70416467209191,0.5475841874084919,0.7893723949227704,223488,97
4,3,19,0.7099090473910962,0.552437223042836,0.7944562846534241,235904,97
4,3,20,0.713738630923887,0.5557206537890045,0.794954405945265,248320,97
4,3,21,0.7190043082814744,0.5596399099774944,0.7993029076963208,260736,97
4,3,22,0.7089516515078985,0.5529411764705883,0.7944437969330158,273152,97
4,3,23,0.7060794638583054,0.5511695906432749,0.7857981318370268,285568,97
4,3,24,0.6859741503111536,0.536067892503536,0.783809809243133,297984,97
4,3,25,0.6931546194351365,0.5405017921146953,0.7870566165492819,310400,97
4,4,1,0.2470081378650072,0.18370524130773222,0.24967531926938508,12416,97
4,4,2,0.5964576352321685,0.2158139534883721,0.38237538642557045,24832,97
4,4,3,0.6481570129248444,0.41058540497193263,0.7057906947057615,37248,97
4,4,4,0.6936333173767353,0.5408895265423243,0.7857093302696792,49664,97
4,4,5,0.6677836285303973,0.5233516483516484,0.7838542100268071,62080,97
4,4,6,0.687888942077549,0.5342857142857143,0.7847033750145692,74496,97
4,4,7,0.6840593585447583,0.5305832147937412,0.7761825871226627,86912,97
4,4,8,0.6716132120631881,0.5222841225626741,0.7786745811063565,99328,97
4,4,9,0.6869315461943514,0.5328571428571428,0.7745009074410163,111744,97
4,4,10,0.6735280038295836,0.5230769230769231,0.7812595392308674,124160,97
4,4,11,0.6945907132599329,0.5390173410404624,0.7862490772962143,136576,97
4,4,12,0.672091910004787,0.5226480836236934,0.7863198410451946,148992,97
4,4,13,0.7022498803255146,0.5446559297218155,0.788971400345216,161408,97
4,4,14,0.7012924844423168,0.5445255474452555,0.790346437114615,173824,97
4,4,15,0.6969842029679273,0.5403050108932462,0.7851626456206952,186240,97
4,4,16,0.6874102441359502,0.5339043540328337,0.7810194974941308,198656,97
4,4,17,0.685016754427956,0.5313390313390314,0.7775812118083885,211072,97
4,4,18,0.678314983245572,0.5280898876404494,0.7812734144757655,223488,97
4,4,19,0.6831019626615605,0.5318246110325319,0.7772190679165488,235904,97
4,4,20,0.6893250359023456,0.536097212294496,0.7854304378472281,248320,97
4,4,21,0.7022498803255146,0.545985401459854,0.7903603123595131,260736,97
4,4,22,0.691239827668741,0.5376344086021505,0.7842052537227281,273152,97
4,4,23,0.6874102441359502,0.5345687811831789,0.7812734144757656,285568,97
4,4,24,0.6898037338439444,0.5358166189111748,0.7888978615472564,297984,97
4,4,25,0.7079942556247009,0.5501474926253688,0.7928176182309618,310400,97
