model,qubits,seed,round,test_acc,test_f1,test_auc,round_bytes,cumulative_bytes,wall_seconds,n_params
VQC,4.0,0,1,0.52082336045955,0.30437804030576787,0.5177561508960633,3200,3200,1.0679850578308105,25
VQC,4.0,0,2,0.5734801340354236,0.2934179222839017,0.5232909860859044,3200,6400,0.33733487129211426,25
VQC,4.0,0,3,0.5083772139779799,0.3027834351663272,0.5217119832165038,3200,9600,0.34902119636535645,25
VQC,4.0,0,4,0.5662996649114409,0.28095238095238095,0.5222434050961,3200,12800,0.3227684497833252,25
VQC,4.0,0,5,0.5141215892771661,0.3062200956937799,0.5236156668165194,3200,16000,0.29978322982788086,25
VQC,4.0,0,6,0.533748204882719,0.28171091445427726,0.5243371795512191,3200,19200,0.30615854263305664,25
VQC,4.0,0,7,0.49497367161321204,0.31180691454664056,0.522128240563446,3200,22400,0.3142414093017578,25
VQC,4.0,0,8,0.501675442795596,0.29993275050437124,0.5197056228042425,3200,25600,0.3701353073120117,25
VQC,4.0,0,9,0.5102920057443753,0.2910602910602911,0.5210348712654778,3200,28800,0.34977126121520996,25
VQC,4.0,0,10,0.48444231689803735,0.33147113594040967,0.5196875849858751,3200,32000,0.34296202659606934,25
VQC,4.0,0,11,0.49497367161321204,0.31715210355987056,0.5189258340409708,3200,35200,0.35085487365722656,25
VQC,4.0,0,12,0.48348492101483964,0.3400611620795107,0.5184082874062726,3200,38400,0.3167726993560791,25
VQC,4.0,0,13,0.47774054571565344,0.36310566258026855,0.5184873763021917,3200,41600,0.33408308029174805,25
VQC,4.0,0,14,0.4916227860220201,0.3516483516483517,0.5205214872042492,3200,44800,0.35270023345947266,25
VQC,4.0,0,15,0.4997606510292006,0.35850214855739715,0.5247617620451,3200,48000,0.3205752372741699,25
VQC,4.0,0,16,0.4796553374820488,0.34557495484647804,0.5333824517002725,3200,51200,0.3163163661956787,25
VQC,4.0,0,17,0.47774054571565344,0.33998790078644886,0.5318367494186272,3200,54400,0.3616213798522949,25
VQC,4.0,0,18,0.46960268070847294,0.34823529411764703,0.5254402615206158,3200,57600,0.3516566753387451,25
VQC,4.0,0,19,0.5045476304451891,0.3461781427668983,0.5280335447920657,3200,60800,0.34568214416503906,25
VQC,4.0,0,20,0.47726184777405456,0.35990621336459555,0.5304048241451462,3200,64000,0.366532564163208,25
VQC,4.0,0,21,0.4988032551460029,0.3500931098696462,0.534199703624769,3200,67200,0.36472654342651367,25
VQC,4.0,0,22,0.4858784107228339,0.3637440758293839,0.5233992129961094,3200,70400,0.315427303314209,25
VQC,4.0,0,23,0.5007180469123983,0.3620795107033639,0.5235338028716208,3200,73600,0.3512592315673828,25
VQC,4.0,0,24,0.48922929631402584,0.3821656050955414,0.5184304877981096,3200,76800,0.3780980110168457,25
VQC,4.0,0,25,0.5035902345619914,0.3490269930947897,0.519969252457306,3200,80000,0.3724353313446045,25
MatchedMLP,4.0,0,1,0.49114408808042126,0.11046025104602511,0.25355206269390657,3200,3200,0.036495208740234375,25
MatchedMLP,4.0,0,2,0.5064624222115844,0.14439834024896264,0.333487348551702,3200,6400,0.03070521354675293,25
MatchedMLP,4.0,0,3,0.582096696984203,0.24806201550387597,0.46688811557523985,3200,9600,0.0229644775390625,25
MatchedMLP,4.0,0,4,0.6888463379607468,0.3925233644859813,0.6328076003041454,3200,12800,0.023283720016479492,25
MatchedMLP,4.0,0,5,0.7640019147917664,0.5273250239693192,0.7462273209122141,3200,16000,0.024990081787109375,25
MatchedMLP,4.0,0,6,0.7558640497845859,0.5446428571428571,0.7992869511646881,3200,19200,0.027175188064575195,25
MatchedMLP,4.0,0,7,0.7410244135950216,0.5525227460711332,0.8203100284720025,3200,22400,0.031874895095825195,25
MatchedMLP,4.0,0,8,0.7333652465294399,0.5554668794892259,0.8299533236761628,3200,25600,0.03069448471069336,25
MatchedMLP,4.0,0,9,0.7324078506462423,0.5615686274509804,0.8353882571027378,3200,28800,0.02927565574645996,25
MatchedMLP,4.0,0,10,0.7271421732886548,0.5608628659476117,0.8393621272415459,3200,32000,0.02473282814025879,25
MatchedMLP,4.0,0,11,0.7252273815222594,0.5625,0.8421288510742214,3200,35200,0.02244710922241211,25
MatchedMLP,4.0,0,12,0.7247486835806606,0.5647236941710825,0.8439333266732159,3200,38400,0.0233001708984375,25
MatchedMLP,4.0,0,13,0.7223551938726663,0.5645645645645646,0.8458807172946601,3200,41600,0.030840396881103516,25
MatchedMLP,4.0,0,14,0.7213977979894687,0.5676077265973254,0.8472807295048757,3200,44800,0.03037405014038086,25
MatchedMLP,4.0,0,15,0.7233125897558641,0.5705794947994056,0.8475575406405924,3200,48000,0.02951502799987793,25
MatchedMLP,4.0,0,16,0.7228338918142652,0.5701559020044543,0.8481826204232504,3200,51200,0.03471994400024414,25
MatchedMLP,4.0,0,17,0.7237912876974629,0.56972408650261,0.8487098797293771,3200,54400,0.035500526428222656,25
MatchedMLP,4.0,0,18,0.7247486835806606,0.5705750560119492,0.8485850025252946,3200,57600,0.02601933479309082,25
MatchedMLP,4.0,0,19,0.7271421732886548,0.5727136431784108,0.8486966982467241,3200,60800,0.023322343826293945,25
MatchedMLP,4.0,0,20,0.7271421732886548,0.5727136431784108,0.8488250442620313,3200,64000,0.02513289451599121,25
MatchedMLP,4.0,0,21,0.7280995691718526,0.5735735735735735,0.8490095850191757,3200,67200,0.0216982364654541,25
MatchedMLP,4.0,0,22,0.7280995691718526,0.5729323308270676,0.8490969990620334,3200,70400,0.0215756893157959,25
MatchedMLP,4.0,0,23,0.7290569650550502,0.5737951807228916,0.8488833202906031,3200,73600,0.021123409271240234,25
MatchedMLP,4.0,0,24,0.7276208712302538,0.5725018782870023,0.8491552750906053,3200,76800,0.021338462829589844,25
MatchedMLP,4.0,0,25,0.7285782671134514,0.5720754716981132,0.849337734561015,3200,80000,0.02479410171508789,25
VQC,4.0,1,1,0.511249401627573,0.29828178694158075,0.5057263135694345,3200,3200,0.3414607048034668,25
VQC,4.0,1,2,0.556247008137865,0.2785992217898833,0.5101247662021234,3200,6400,0.3641941547393799,25
VQC,4.0,1,3,0.5102920057443753,0.2900763358778626,0.5066684426980136,3200,9600,0.3191978931427002,25
VQC,4.0,1,4,0.5169937769267592,0.28591648973814576,0.5058400905775986,3200,12800,0.3659391403198242,25
VQC,4.0,1,5,0.498324557204404,0.2821917808219178,0.5019231089428728,3200,16000,0.3174552917480469,25
VQC,4.0,1,6,0.4944949736716132,0.2531824611032532,0.5014888137775632,3200,19200,0.3376734256744385,25
VQC,4.0,1,7,0.4868358066060316,0.23646723646723647,0.5048618858122845,3200,22400,0.3478376865386963,25
VQC,4.0,1,8,0.4739109621828626,0.2648829431438127,0.504355439373505,3200,25600,0.37282729148864746,25
VQC,4.0,1,9,0.505026328386788,0.3480453972257251,0.5109572808960078,3200,28800,0.3685169219970703,25
VQC,4.0,1,10,0.49114408808042126,0.352224253503961,0.5192782652613819,3200,32000,0.34999752044677734,25
VQC,4.0,1,11,0.48922929631402584,0.3474006116207951,0.5276547506063483,3200,35200,0.37212562561035156,25
VQC,4.0,1,12,0.49114408808042126,0.3623275344931014,0.540858433651354,3200,38400,0.37195277214050293,25
VQC,4.0,1,13,0.5141215892771661,0.34642627173213136,0.549179418016728,3200,41600,0.36522674560546875,25
VQC,4.0,1,14,0.498324557204404,0.3433583959899749,0.5425456634309596,3200,44800,0.3549797534942627,25
VQC,4.0,1,15,0.5107707036859741,0.3389391979301423,0.5453595630962886,3200,48000,0.3794889450073242,25
VQC,4.0,1,16,0.48300622307324076,0.3382352941176471,0.5421349561819766,3200,51200,0.35222911834716797,25
VQC,4.0,1,17,0.5323121110579224,0.3349217154526889,0.5633071923719454,3200,54400,0.3705620765686035,25
VQC,4.0,1,18,0.4906653901388224,0.35121951219512193,0.5668453798209538,3200,57600,0.37865424156188965,25
VQC,4.0,1,19,0.5280038295835328,0.35471204188481675,0.551065063798376,3200,60800,0.3687117099761963,25
VQC,4.0,1,20,0.5155576831019627,0.35459183673469385,0.5564389461473995,3200,64000,0.31713223457336426,25
VQC,4.0,1,21,0.5136428913355673,0.351213282247765,0.5711439306903767,3200,67200,0.37712979316711426,25
VQC,4.0,1,22,0.5280038295835328,0.36304909560723514,0.5598245059025292,3200,70400,0.3663668632507324,25
VQC,4.0,1,23,0.5150789851603638,0.34178037686809615,0.5517449507983816,3200,73600,0.37297987937927246,25
VQC,4.0,1,24,0.5198659645763524,0.33795379537953796,0.5653870915821664,3200,76800,0.40474987030029297,25
VQC,4.0,1,25,0.5126854954523695,0.36295369211514394,0.5590322294188492,3200,80000,0.47988414764404297,25
MatchedMLP,4.0,1,1,0.7826711345141216,0.36768802228412256,0.7830438957247595,3200,3200,0.03274941444396973,25
MatchedMLP,4.0,1,2,0.7146960268070848,0.56047197640118,0.8248944093863257,3200,6400,0.026830434799194336,25
MatchedMLP,4.0,1,3,0.6562948779320249,0.5270092226613966,0.8343448386864027,3200,9600,0.03484463691711426,25
MatchedMLP,4.0,1,4,0.6424126376256583,0.5171299288946348,0.838130005494597,3200,12800,0.030468225479125977,25
MatchedMLP,4.0,1,5,0.6811871708951651,0.5432098765432098,0.8407080259966588,3200,16000,0.03173708915710449,25
MatchedMLP,4.0,1,6,0.6969842029679273,0.5539112050739958,0.8426533353313687,3200,19200,0.032717227935791016,25
MatchedMLP,4.0,1,7,0.7099090473910962,0.5602322206095791,0.8440103342824001,3200,22400,0.030024051666259766,25
MatchedMLP,4.0,1,8,0.7142173288654858,0.5626373626373626,0.84494691331302,3200,25600,0.028034210205078125,25
MatchedMLP,4.0,1,9,0.7190043082814744,0.5655070318282753,0.8455823995293518,3200,28800,0.02302694320678711,25
MatchedMLP,4.0,1,10,0.7228338918142652,0.5682326621923938,0.8463552506701743,3200,32000,0.031974077224731445,25
MatchedMLP,4.0,1,11,0.7213977979894687,0.5663189269746647,0.8470809259783435,3200,35200,0.0289459228515625,25
MatchedMLP,4.0,1,12,0.7242699856390618,0.568215892053973,0.8475693345987557,3200,38400,0.024501800537109375,25
MatchedMLP,4.0,1,13,0.7271421732886548,0.5701357466063348,0.8479370285885546,3200,41600,0.027803659439086914,25
MatchedMLP,4.0,1,14,0.726663475347056,0.5697061039939714,0.848308885151823,3200,44800,0.023407936096191406,25
MatchedMLP,4.0,1,15,0.7247486835806606,0.568642160540135,0.8490387230334616,3200,48000,0.02254199981689453,25
MatchedMLP,4.0,1,16,0.7247486835806606,0.5679939894815927,0.8492149386436669,3200,51200,0.030134201049804688,25
MatchedMLP,4.0,1,17,0.7271421732886548,0.5694864048338368,0.8493925417783623,3200,54400,0.03172945976257324,25
MatchedMLP,4.0,1,18,0.726663475347056,0.5690566037735849,0.849604833025303,3200,57600,0.02972865104675293,25
MatchedMLP,4.0,1,19,0.7261847774054572,0.5686274509803921,0.8498046365518349,3200,60800,0.029044389724731445,25
MatchedMLP,4.0,1,20,0.7261847774054572,0.5686274509803921,0.8499274324691831,3200,64000,0.02985239028930664,25
MatchedMLP,4.0,1,21,0.7261847774054572,0.5686274509803921,0.8501244609467358,3200,67200,0.03139758110046387,25
MatchedMLP,4.0,1,22,0.7271421732886548,0.5681818181818182,0.8502042436048995,3200,70400,0.02359485626220703,25
MatchedMLP,4.0,1,23,0.7261847774054572,0.5686274509803921,0.8502611321089817,3200,73600,0.025008678436279297,25
MatchedMLP,4.0,1,24,0.726663475347056,0.5690566037735849,0.8503305083334721,3200,76800,0.023913860321044922,25
MatchedMLP,4.0,1,25,0.7276208712302538,0.5686125852918877,0.8503540962497989,3200,80000,0.030885934829711914,25
VQC,4.0,2,1,0.5165150789851604,0.3138586956521739,0.529570921926772,3200,3200,0.3484671115875244,25
VQC,4.0,2,2,0.5552896122546673,0.31439114391143913,0.5451583720452666,3200,6400,0.36417269706726074,25
VQC,4.0,2,3,0.533748204882719,0.326417704011065,0.5538415003024804,3200,9600,0.36463284492492676,25
VQC,4.0,2,4,0.48827190043082813,0.33643699565487273,0.5725175799352858,3200,12800,0.303591251373291,25
VQC,4.0,2,5,0.46577309717568216,0.33807829181494664,0.581313097676174,3200,16000,0.37498950958251953,25
VQC,4.0,2,6,0.5246529439923409,0.384376937383757,0.6112447759702958,3200,19200,0.3485383987426758,25
VQC,4.0,2,7,0.4940162757300144,0.398406374501992,0.634284620123545,3200,22400,0.3781745433807373,25
VQC,4.0,2,8,0.5471517472474868,0.4057788944723618,0.6638541545258273,3200,25600,0.3695192337036133,25
VQC,4.0,2,9,0.5169937769267592,0.4109748978400467,0.6739150946014196,3200,28800,0.35433292388916016,25
VQC,4.0,2,10,0.5318334131163236,0.4206161137440758,0.6958407565893538,3200,32000,0.3657662868499756,25
VQC,4.0,2,11,0.6007659167065582,0.4279835390946502,0.7036247689771725,3200,35200,0.383634090423584,25
VQC,4.0,2,12,0.5150789851603638,0.4208118925100057,0.7130058220527593,3200,38400,0.3445446491241455,25
VQC,4.0,2,13,0.5667783628530397,0.434021263289556,0.7020305033383839,3200,41600,0.36919474601745605,25
VQC,4.0,2,14,0.5509813307802777,0.4308252427184466,0.6985714047852944,3200,44800,0.39830899238586426,25
VQC,4.0,2,15,0.6026807084729535,0.43306010928961747,0.7095009351915061,3200,48000,0.36545658111572266,25
VQC,4.0,2,16,0.5811393011010053,0.4365743721828719,0.7070991302996498,3200,51200,0.4643712043762207,25
VQC,4.0,2,17,0.5782671134514121,0.42829331602855286,0.7156781942201279,3200,54400,0.45333051681518555,25
VQC,4.0,2,18,0.5921493537577789,0.4180327868852459,0.7041228902690132,3200,57600,0.4404902458190918,25
VQC,4.0,2,19,0.572044040210627,0.4209844559585492,0.7133873912874562,3200,60800,0.32894277572631836,25
VQC,4.0,2,20,0.5639061752034467,0.41490044958253053,0.7060792997996415,3200,64000,0.36773133277893066,25
VQC,4.0,2,21,0.6290090952608903,0.421209858103062,0.7077595919567979,3200,67200,0.387603759765625,25
VQC,4.0,2,22,0.5605552896122546,0.3968462549277267,0.6887227559566426,3200,70400,0.37387967109680176,25
VQC,4.0,2,23,0.588319770224988,0.4011142061281337,0.6809442936667832,3200,73600,0.32258057594299316,25
VQC,4.0,2,24,0.5629487793202489,0.4020956123117223,0.6905806512484945,3200,76800,0.3670623302459717,25
VQC,4.0,2,25,0.5763523216850167,0.40484196368527237,0.6905223752199228,3200,80000,0.3739018440246582,25
MatchedMLP,4.0,2,1,0.6960268070847295,0.36563436563436563,0.6392075570133814,3200,3200,0.031638383865356445,25
MatchedMLP,4.0,2,2,0.7012924844423168,0.39768339768339767,0.6888337579158272,3200,6400,0.027735233306884766,25
MatchedMLP,4.0,2,3,0.7343226424126377,0.4585365853658537,0.7276788935324708,3200,9600,0.02773118019104004,25
MatchedMLP,4.0,2,4,0.7376735280038296,0.5,0.7585749013470088,3200,12800,0.029252052307128906,25
MatchedMLP,4.0,2,5,0.7534705600765916,0.5296803652968036,0.7805172136288205,3200,16000,0.027765512466430664,25
MatchedMLP,4.0,2,6,0.7482048827190043,0.5449826989619377,0.797235496206508,3200,19200,0.030381441116333008,25
MatchedMLP,4.0,2,7,0.7443752991862135,0.5505050505050505,0.8104821925106978,3200,22400,0.029121875762939453,25
MatchedMLP,4.0,2,8,0.7405457156534226,0.5528052805280528,0.8186519367066829,3200,25600,0.03097224235534668,25
MatchedMLP,4.0,2,9,0.7415031115366204,0.5609756097560976,0.826928520288383,3200,28800,0.03299975395202637,25
MatchedMLP,4.0,2,10,0.7400670177118238,0.565947242206235,0.833018365274147,3200,32000,0.028443574905395508,25
MatchedMLP,4.0,2,11,0.7400670177118238,0.5714285714285714,0.8370227609517308,3200,35200,0.03103351593017578,25
MatchedMLP,4.0,2,12,0.7352800382958353,0.5716498838109992,0.8418499586517703,3200,38400,0.03514742851257324,25
MatchedMLP,4.0,2,13,0.7343226424126377,0.5720894371626831,0.843743929580357,3200,41600,0.03690195083618164,25
MatchedMLP,4.0,2,14,0.7309717568214457,0.5696784073506891,0.8454991480599633,3200,44800,0.0365598201751709,25
MatchedMLP,4.0,2,15,0.7295356629966491,0.5703422053231939,0.8471239392375275,3200,48000,0.03191828727722168,25
MatchedMLP,4.0,2,16,0.7314504547630445,0.5733840304182509,0.8482062083395772,3200,51200,0.03028249740600586,25
MatchedMLP,4.0,2,17,0.7328865485878411,0.573394495412844,0.8481368321150866,3200,54400,0.031702518463134766,25
MatchedMLP,4.0,2,18,0.7343226424126377,0.5747126436781609,0.8481909455701893,3200,57600,0.03200578689575195,25
MatchedMLP,4.0,2,19,0.7319291527046433,0.573170731707317,0.848711267253867,3200,60800,0.029424190521240234,25
MatchedMLP,4.0,2,20,0.7333652465294399,0.5725249424405219,0.8489693468089712,3200,64000,0.03069901466369629,25
MatchedMLP,4.0,2,21,0.7319291527046433,0.5692307692307692,0.8491122618314213,3200,67200,0.02875208854675293,25
MatchedMLP,4.0,2,22,0.7343226424126377,0.5714285714285714,0.8493453659457089,3200,70400,0.02448296546936035,25
MatchedMLP,4.0,2,23,0.7391096218286262,0.5745511319281811,0.8490914489640742,3200,73600,0.029126644134521484,25
MatchedMLP,4.0,2,24,0.7391096218286262,0.5738858483189992,0.8495236628426491,3200,76800,0.031758785247802734,25
MatchedMLP,4.0,2,25,0.7376735280038296,0.571875,0.8497935363559167,3200,80000,0.029750347137451172,25
VQC,4.0,3,1,0.5495452369554811,0.29828486204325133,0.5115705667205026,3200,3200,0.373441219329834,25
VQC,4.0,3,2,0.5710866443274294,0.30970724191063176,0.5201107799552662,3200,6400,0.36257266998291016,25
VQC,4.0,3,3,0.5031115366203925,0.30892143808255657,0.5297277121941203,3200,9600,0.3722376823425293,25
VQC,4.0,3,4,0.5394925801819053,0.3177304964539007,0.5430201968064736,3200,12800,0.3700125217437744,25
VQC,4.0,3,5,0.46481570129248445,0.31912302070645554,0.5499730820248977,3200,16000,0.3666679859161377,25
VQC,4.0,3,6,0.5088559119195788,0.33116036505867014,0.5628215588005128,3200,19200,0.3644905090332031,25
VQC,4.0,3,7,0.46864528482527523,0.3416370106761566,0.5637567503066429,3200,22400,0.3678011894226074,25
VQC,4.0,3,8,0.5098133078027764,0.36,0.5886128640170499,3200,25600,0.36185431480407715,25
VQC,4.0,3,9,0.47247486835806607,0.3717217787913341,0.6162246013642141,3200,28800,0.35332751274108887,25
VQC,4.0,3,10,0.5461943513642892,0.41044776119402987,0.6554013553339216,3200,32000,0.3813498020172119,25
VQC,4.0,3,11,0.5404499760651029,0.42028985507246375,0.6550503116380005,3200,35200,0.35962700843811035,25
VQC,4.0,3,12,0.578745811393011,0.4225721784776903,0.6501759381053075,3200,38400,0.35269594192504883,25
VQC,4.0,3,13,0.5816179990426041,0.4287581699346405,0.6569054318808727,3200,41600,0.3808746337890625,25
VQC,4.0,3,14,0.559597893729057,0.42355889724310775,0.650900225888987,3200,44800,0.3730902671813965,25
VQC,4.0,3,15,0.5414073719483006,0.41226993865030676,0.6433382174195375,3200,48000,0.3679230213165283,25
VQC,4.0,3,16,0.5964576352321685,0.4307900067521945,0.6547880695094268,3200,51200,0.38706231117248535,25
VQC,4.0,3,17,0.5213020584011488,0.4186046511627907,0.6489826670440733,3200,54400,0.3724400997161865,25
VQC,4.0,3,18,0.5658209669698421,0.38508474576271184,0.620896396321395,3200,57600,0.33171510696411133,25
VQC,4.0,3,19,0.5452369554810914,0.3979721166032953,0.6296211503133031,3200,60800,0.34978151321411133,25
VQC,4.0,3,20,0.5543322163714696,0.3989670755326017,0.6323795489990398,3200,64000,0.33925819396972656,25
VQC,4.0,3,21,0.5246529439923409,0.40574506283662476,0.6435574462889271,3200,67200,0.34423089027404785,25
VQC,4.0,3,22,0.588319770224988,0.362962962962963,0.6219731153254855,3200,70400,0.34018659591674805,25
VQC,4.0,3,23,0.5438008616562949,0.3759004584151932,0.6099973914539591,3200,73600,0.35769057273864746,25
VQC,4.0,3,24,0.6031594064145525,0.3657230298393267,0.6218981890030358,3200,76800,0.3709220886230469,25
VQC,4.0,3,25,0.5213020584011488,0.4019138755980861,0.634272132403137,3200,80000,0.3612630367279053,25
MatchedMLP,4.0,3,1,0.8042125418860699,0.5726227795193313,0.8265372383822575,3200,3200,0.030850648880004883,25
MatchedMLP,4.0,3,2,0.7797989468645284,0.576427255985267,0.8309398535884157,3200,6400,0.025027036666870117,25
MatchedMLP,4.0,3,3,0.7640019147917664,0.5716768027801912,0.83458210537416,3200,9600,0.02339458465576172,25
MatchedMLP,4.0,3,4,0.7558640497845859,0.5764119601328903,0.8385129622537838,3200,12800,0.022583484649658203,25
MatchedMLP,4.0,3,5,0.7448539971278123,0.5725741780272654,0.8411395461129889,3200,16000,0.0307161808013916,25
MatchedMLP,4.0,3,6,0.736237434179033,0.5691946833463644,0.8431375813783113,3200,19200,0.026230812072753906,25
MatchedMLP,4.0,3,7,0.7343226424126377,0.5687645687645687,0.844781797898733,3200,22400,0.022063732147216797,25
MatchedMLP,4.0,3,8,0.7314504547630445,0.5674633770239013,0.8457711028599655,3200,25600,0.02190995216369629,25
MatchedMLP,4.0,3,9,0.730014360938248,0.5661538461538461,0.8466840939742586,3200,28800,0.022556543350219727,25
MatchedMLP,4.0,3,10,0.730014360938248,0.5681470137825421,0.8471766651681402,3200,32000,0.022909164428710938,25
MatchedMLP,4.0,3,11,0.7290569650550502,0.5679389312977099,0.8479439662110037,3200,35200,0.029047250747680664,25
MatchedMLP,4.0,3,12,0.7290569650550502,0.5672782874617737,0.8483123539630474,3200,38400,0.030006885528564453,25
MatchedMLP,4.0,3,13,0.7290569650550502,0.5666156202143952,0.8485739023293761,3200,41600,0.028657913208007812,25
MatchedMLP,4.0,3,14,0.730014360938248,0.5694656488549619,0.8492662770497899,3200,44800,0.028742074966430664,25
MatchedMLP,4.0,3,15,0.7314504547630445,0.5694551036070606,0.8494112733589748,3200,48000,0.029184341430664062,25
MatchedMLP,4.0,3,16,0.7319291527046433,0.5712098009188361,0.8495215815559145,3200,51200,0.03428936004638672,25
MatchedMLP,4.0,3,17,0.7314504547630445,0.5707727620504973,0.8497782735865287,3200,54400,0.02748584747314453,25
MatchedMLP,4.0,3,18,0.736237434179033,0.5718725718725719,0.8496096893610173,3200,57600,0.021810054779052734,25
MatchedMLP,4.0,3,19,0.7371948300622307,0.5727626459143969,0.8497949238804066,3200,60800,0.029506683349609375,25
MatchedMLP,4.0,3,20,0.7381522259454284,0.573655494933749,0.8498323870416313,3200,64000,0.03064894676208496,25
MatchedMLP,4.0,3,21,0.7381522259454284,0.5729898516783762,0.8498448747620395,3200,67200,0.030668020248413086,25
MatchedMLP,4.0,3,22,0.7405457156534226,0.5752351097178683,0.8497532981457123,3200,70400,0.030283689498901367,25
MatchedMLP,4.0,3,23,0.7400670177118238,0.5747846515270164,0.8495840201579559,3200,73600,0.030788421630859375,25
MatchedMLP,4.0,3,24,0.7352800382958353,0.5716498838109992,0.8500072151273469,3200,76800,0.03225350379943848,25
MatchedMLP,4.0,3,25,0.736237434179033,0.5745173745173745,0.8502541944865327,3200,80000,0.03159666061401367,25
VQC,4.0,4,1,0.5404499760651029,0.30935251798561153,0.5295237460941186,3200,3200,0.3707857131958008,25
VQC,4.0,4,2,0.5509813307802777,0.31332357247437775,0.5397262136676713,3200,6400,0.37437009811401367,25
VQC,4.0,4,3,0.48922929631402584,0.31994901210962395,0.5476489785044706,3200,9600,0.37671589851379395,25
VQC,4.0,4,4,0.6136907611297271,0.30008673026886384,0.5504961787575551,3200,12800,0.35834813117980957,25
VQC,4.0,4,5,0.443752991862135,0.3367579908675799,0.5699770225944488,3200,16000,0.3645637035369873,25
VQC,4.0,4,6,0.5926280516993777,0.3468917881811205,0.5804528324924936,3200,19200,0.3560934066772461,25
VQC,4.0,4,7,0.4748683580660603,0.3805759457933371,0.6180880467540253,3200,22400,0.3862297534942627,25
VQC,4.0,4,8,0.6074676878889421,0.366306027820711,0.6410432519133963,3200,25600,0.3986377716064453,25
VQC,4.0,4,9,0.5074198180947822,0.40963855421686746,0.6700855270095518,3200,28800,0.3602876663208008,25
VQC,4.0,4,10,0.5117280995691719,0.41580756013745707,0.6831324197872092,3200,32000,0.3426473140716553,25
VQC,4.0,4,11,0.5658209669698421,0.379192334017796,0.6688936434728073,3200,35200,0.38869738578796387,25
VQC,4.0,4,12,0.5758736237434179,0.36984352773826457,0.6638999428339911,3200,38400,0.3829827308654785,25
VQC,4.0,4,13,0.5160363810435615,0.38316046369737644,0.6742647507728512,3200,41600,0.37752842903137207,25
VQC,4.0,4,14,0.5686931546194351,0.3756063756063756,0.673668115242234,3200,44800,0.3639247417449951,25
VQC,4.0,4,15,0.584968884633796,0.37037037037037035,0.6702173418360834,3200,48000,0.38915419578552246,25
VQC,4.0,4,16,0.5404499760651029,0.375,0.6744812045932611,3200,51200,0.3532576560974121,25
VQC,4.0,4,17,0.6227860220201054,0.3746031746031746,0.6623903161890807,3200,54400,0.35784339904785156,25
VQC,4.0,4,18,0.623743417903303,0.38304552590266877,0.6594029759625257,3200,57600,0.364879846572876,25
VQC,4.0,4,19,0.5945428434657731,0.3884476534296029,0.6760393945953146,3200,60800,0.3424673080444336,25
VQC,4.0,4,20,0.6500718046912398,0.3983539094650206,0.680543299089229,3200,64000,0.3876211643218994,25
VQC,4.0,4,21,0.6156055528961225,0.3865546218487395,0.6582194175727202,3200,67200,0.35726380348205566,25
VQC,4.0,4,22,0.6060315940641455,0.38536221060492903,0.6568429932788312,3200,70400,0.3608064651489258,25
VQC,4.0,4,23,0.6050741981809479,0.38294689603590126,0.6536849875400301,3200,73600,0.35057783126831055,25
VQC,4.0,4,24,0.5902345619913835,0.37790697674418605,0.6537959894992146,3200,76800,0.3832218647003174,25
VQC,4.0,4,25,0.6184777405457157,0.3883346124328473,0.6575617309645515,3200,80000,0.381727933883667,25
MatchedMLP,4.0,4,1,0.2087123025370991,0.3453465346534653,0.8411381585884992,3200,3200,0.022203683853149414,25
MatchedMLP,4.0,4,2,0.39348970799425564,0.4065573770491803,0.8446021134773029,3200,6400,0.022330522537231445,25
MatchedMLP,4.0,4,3,0.5136428913355673,0.45493562231759654,0.8473390055334477,3200,9600,0.02526378631591797,25
MatchedMLP,4.0,4,4,0.6055528961225467,0.5024154589371981,0.848480938188559,3200,12800,0.02913641929626465,25
MatchedMLP,4.0,4,5,0.6381043561512686,0.5196950444726811,0.8500613285824494,3200,16000,0.026231050491333008,25
MatchedMLP,4.0,4,6,0.6582096696984203,0.5321100917431193,0.8508043479467412,3200,19200,0.029378414154052734,25
MatchedMLP,4.0,4,7,0.6797510770703686,0.5470548408937035,0.8513517263579702,3200,22400,0.03115057945251465,25
MatchedMLP,4.0,4,8,0.687888942077549,0.5509641873278237,0.8519677872314446,3200,25600,0.029659032821655273,25
MatchedMLP,4.0,4,9,0.6965055050263284,0.5578800557880056,0.8520912769110374,3200,28800,0.030327320098876953,25
MatchedMLP,4.0,4,10,0.7036859741503112,0.5631616090331687,0.8521620406600176,3200,32000,0.027614116668701172,25
MatchedMLP,4.0,4,11,0.7123025370990905,0.5697924123120973,0.8523479689416518,3200,35200,0.028714895248413086,25
MatchedMLP,4.0,4,12,0.7127812350406894,0.5677233429394812,0.8521231899743031,3200,38400,0.030161142349243164,25
MatchedMLP,4.0,4,13,0.7146960268070848,0.5674891146589259,0.8521481654151196,3200,41600,0.029448747634887695,25
MatchedMLP,4.0,4,14,0.7175682144566778,0.568081991215227,0.8521537155130788,3200,44800,0.028422117233276367,25
MatchedMLP,4.0,4,15,0.7247486835806606,0.5718540580789278,0.8520038628681796,3200,48000,0.030487775802612305,25
MatchedMLP,4.0,4,16,0.7223551938726663,0.5671641791044776,0.8521897911498137,3200,51200,0.030939817428588867,25
MatchedMLP,4.0,4,17,0.7276208712302538,0.570566037735849,0.8520149630640981,3200,54400,0.028691768646240234,25
MatchedMLP,4.0,4,18,0.7280995691718526,0.5696969696969697,0.8520246757355268,3200,57600,0.030122041702270508,25
MatchedMLP,4.0,4,19,0.7314504547630445,0.5707727620504973,0.8519761123783834,3200,60800,0.028165578842163086,25
MatchedMLP,4.0,4,20,0.7338439444710387,0.5723076923076923,0.8520066379171591,3200,64000,0.029519081115722656,25
MatchedMLP,4.0,4,21,0.7357587362374342,0.5734157650695518,0.8520898893865478,3200,67200,0.03142046928405762,25
MatchedMLP,4.0,4,22,0.7376735280038296,0.5751937984496124,0.8521335964079766,3200,70400,0.029309988021850586,25
MatchedMLP,4.0,4,23,0.736237434179033,0.5738592420726991,0.8521634281845074,3200,73600,0.03163313865661621,25
MatchedMLP,4.0,4,24,0.7376735280038296,0.5751937984496124,0.8520885018620579,3200,76800,0.031935691833496094,25
MatchedMLP,4.0,4,25,0.7376735280038296,0.5745341614906833,0.8522064414436914,3200,80000,0.028482437133789062,25
VQC,6.0,0,1,0.30828147438966014,0.2800199302441455,0.42290081419937064,4736,4736,0.5663158893585205,37
VQC,6.0,0,2,0.5069411201531834,0.267425320056899,0.458062072295576,4736,9472,0.5679094791412354,37
VQC,6.0,0,3,0.35280038295835325,0.32602193419740777,0.5055154098469838,4736,14208,0.4748268127441406,37
VQC,6.0,0,4,0.4849210148396362,0.3325062034739454,0.5500951841800008,4736,18944,0.5410828590393066,37
VQC,6.0,0,5,0.39205361416945905,0.3520408163265306,0.5922648284742226,4736,23680,0.539670467376709,37
VQC,6.0,0,6,0.46960268070847294,0.3668571428571429,0.6215152322438491,4736,28416,0.5714330673217773,37
VQC,6.0,0,7,0.39827668741024413,0.36483072258716526,0.6637958784972555,4736,33152,0.5327255725860596,37
VQC,6.0,0,8,0.38630923887027285,0.3740234375,0.6715798908850742,4736,37888,0.5646471977233887,37
VQC,6.0,0,9,0.40402106270943033,0.3740573152337858,0.6762849864300104,4736,42624,0.5622954368591309,37
VQC,6.0,0,10,0.4112015318334131,0.3640124095139607,0.6660006549115592,4736,47360,0.5555601119995117,37
VQC,6.0,0,11,0.41168022977501195,0.3635422061108234,0.6677156351809609,4736,52096,0.5509986877441406,37
VQC,6.0,0,12,0.42939205361416943,0.3679745493107105,0.6725997213850825,4736,56832,0.5462579727172852,37
VQC,6.0,0,13,0.4102441359502154,0.36231884057971014,0.6611998201768262,4736,61568,0.5318527221679688,37
VQC,6.0,0,14,0.42077549066539016,0.3644957983193277,0.6593960383400767,4736,66304,0.5059380531311035,37
VQC,6.0,0,15,0.4719961704164672,0.3722253841775754,0.6587508394523163,4736,71040,0.5235061645507812,37
VQC,6.0,0,16,0.3958831977022499,0.3632694248234107,0.6556677600359646,4736,75776,0.5170605182647705,37
VQC,6.0,0,17,0.4897079942556247,0.3787878787878788,0.6651015390421641,4736,80512,0.5161192417144775,37
VQC,6.0,0,18,0.4202967927237913,0.36296685954760655,0.656917919601281,4736,85248,0.49722862243652344,37
VQC,6.0,0,19,0.5088559119195788,0.3819277108433735,0.655730198638006,4736,89984,0.5431783199310303,37
VQC,6.0,0,20,0.45093346098611775,0.3673469387755102,0.6493545236073417,4736,94720,0.5831027030944824,37
VQC,6.0,0,21,0.46433700335088557,0.3724060572069546,0.6478032712277372,4736,99456,0.5764827728271484,37
VQC,6.0,0,22,0.4849210148396362,0.37946943483275664,0.6465503366134412,4736,104192,0.5793118476867676,37
VQC,6.0,0,23,0.41933939684059357,0.3585404547858276,0.6439834163072978,4736,108928,0.563119649887085,37
VQC,6.0,0,24,0.4552417424605074,0.36847946725860153,0.6435699340093353,4736,113664,0.549896240234375,37
VQC,6.0,0,25,0.48922929631402584,0.3800116211504939,0.6456151451073112,4736,118400,0.5509066581726074,37
MatchedMLP,6.0,0,1,0.7596936333173767,0.003968253968253968,0.3433443225272926,4224,4224,0.03068065643310547,33
MatchedMLP,6.0,0,2,0.7745332695069411,0.004228329809725159,0.5184013497838236,4224,8448,0.029380083084106445,33
MatchedMLP,6.0,0,3,0.7740545715653423,0.02074688796680498,0.7189888276528081,4224,12672,0.02785968780517578,33
MatchedMLP,6.0,0,4,0.8027764480612734,0.5036144578313253,0.7990365029942779,4224,16896,0.029386281967163086,33
MatchedMLP,6.0,0,5,0.762087123025371,0.5613415710503089,0.8298728472557542,4224,21120,0.028477907180786133,33
MatchedMLP,6.0,0,6,0.7314504547630445,0.5613760750586395,0.8436565155374992,4224,25344,0.02799057960510254,33
MatchedMLP,6.0,0,7,0.7123025370990905,0.5544848035581913,0.8496894720191811,4224,29568,0.025065183639526367,33
MatchedMLP,6.0,0,8,0.7094303494494973,0.5553113553113553,0.8525547100906331,4224,33792,0.02385115623474121,33
MatchedMLP,6.0,0,9,0.7099090473910962,0.5576642335766423,0.8553561220355537,4224,38016,0.028792858123779297,33
MatchedMLP,6.0,0,10,0.717089516515079,0.5644804716285925,0.8566104441743397,4224,42240,0.029140710830688477,33
MatchedMLP,6.0,0,11,0.7185256103398755,0.5663716814159292,0.8579716056988406,4224,46464,0.029730558395385742,33
MatchedMLP,6.0,0,12,0.7204404021062709,0.5693215339233039,0.8589178974008892,4224,50688,0.023088932037353516,33
MatchedMLP,6.0,0,13,0.7185256103398755,0.5682819383259912,0.8597642873396716,4224,54912,0.0301516056060791,33
MatchedMLP,6.0,0,14,0.7194830062230733,0.5684830633284241,0.8602374331906957,4224,59136,0.032286882400512695,33
MatchedMLP,6.0,0,15,0.7247486835806606,0.5731254639940608,0.8605614201590658,4224,63360,0.031067609786987305,33
MatchedMLP,6.0,0,16,0.7276208712302538,0.575689783743475,0.8612225755784589,4224,67584,0.02999281883239746,33
MatchedMLP,6.0,0,17,0.7290569650550502,0.5769805680119582,0.8617415097376468,4224,71808,0.03183794021606445,33
MatchedMLP,6.0,0,18,0.7295356629966491,0.5774121166791324,0.8619662887049956,4224,76032,0.03139448165893555,33
MatchedMLP,6.0,0,19,0.7348013403542365,0.5822021116138764,0.8630083195968409,4224,80256,0.02220010757446289,33
MatchedMLP,6.0,0,20,0.7348013403542365,0.5803030303030303,0.8632178357948018,4224,84480,0.026474475860595703,33
MatchedMLP,6.0,0,21,0.7386309238870273,0.5838414634146342,0.8637201196601121,4224,88704,0.030479907989501953,33
MatchedMLP,6.0,0,22,0.739588319770225,0.5840978593272171,0.8639768116907263,4224,92928,0.030662059783935547,33
MatchedMLP,6.0,0,23,0.739588319770225,0.5840978593272171,0.8641932655111363,4224,97152,0.03138303756713867,33
MatchedMLP,6.0,0,24,0.7391096218286262,0.5861807137433561,0.8647524378805286,4224,101376,0.03049182891845703,33
MatchedMLP,6.0,0,25,0.739588319770225,0.5866261398176292,0.8653504609356355,4224,105600,0.030987024307250977,33
VQC,6.0,1,1,0.33652465294399236,0.278125,0.40848027217680394,4736,4736,0.5316867828369141,37
VQC,6.0,1,2,0.5045476304451891,0.24064563462949376,0.4346739594953851,4736,9472,0.5644495487213135,37
VQC,6.0,1,3,0.4064145524174246,0.3002257336343115,0.4543851323975868,4736,14208,0.5489473342895508,37
VQC,6.0,1,4,0.5280038295835328,0.304654442877292,0.5185525899532127,4736,18944,0.5765426158905029,37
VQC,6.0,1,5,0.4284346577309718,0.3566810344827586,0.5739356299638688,4736,23680,0.5772151947021484,37
VQC,6.0,1,6,0.49593106749640975,0.3668069753457607,0.6141849403641975,4736,28416,0.5668044090270996,37
VQC,6.0,1,7,0.41311632359980854,0.3587866108786611,0.629808466119427,4736,33152,0.49390435218811035,37
VQC,6.0,1,8,0.4112015318334131,0.3553459119496855,0.6334826309684366,4736,37888,0.5647344589233398,37
VQC,6.0,1,9,0.4088080421254189,0.36043500776799586,0.6543815248339132,4736,42624,0.5566833019256592,37
VQC,6.0,1,10,0.4418382000957396,0.36214442013129106,0.6549143342379993,4736,47360,0.5292527675628662,37
VQC,6.0,1,11,0.44710387745332697,0.3766864543982731,0.661783967987035,4736,52096,0.5116844177246094,37
VQC,6.0,1,12,0.43944471038774535,0.3787798408488064,0.6633490956115375,4736,56832,0.5746583938598633,37
VQC,6.0,1,13,0.46433700335088557,0.385502471169687,0.6677544858666755,4736,61568,0.5650608539581299,37
VQC,6.0,1,14,0.4346577309717568,0.3653949489521762,0.6486871243277444,4736,66304,0.5469667911529541,37
VQC,6.0,1,15,0.41311632359980854,0.36934156378600824,0.6504367927093913,4736,71040,0.548647403717041,37
VQC,6.0,1,16,0.46385830540928674,0.3952483801295896,0.6697761090483246,4736,75776,0.5432026386260986,37
VQC,6.0,1,17,0.5064624222115844,0.40644789867587794,0.6746726829728545,4736,80512,0.5145809650421143,37
VQC,6.0,1,18,0.45907132599329825,0.40463645943098,0.6779694411606365,4736,85248,0.48982810974121094,37
VQC,6.0,1,19,0.517472474868358,0.418013856812933,0.6777085865565528,4736,89984,0.5367801189422607,37
VQC,6.0,1,20,0.5102920057443753,0.4184195565662308,0.6774532820504282,4736,94720,0.5423934459686279,37
VQC,6.0,1,21,0.47917663954045,0.40997830802603036,0.6733031963014147,4736,99456,0.573373556137085,37
VQC,6.0,1,22,0.5624700813786501,0.4193138500635324,0.6849015135117135,4736,104192,0.5758554935455322,37
VQC,6.0,1,23,0.45284825275251317,0.4105208870551831,0.68413559999334,4736,108928,0.546942949295044,37
VQC,6.0,1,24,0.5217807563427477,0.4181712288875946,0.6863209510647864,4736,113664,0.5767321586608887,37
VQC,6.0,1,25,0.4925801819052178,0.40848214285714285,0.6763210620667455,4736,118400,0.512331485748291,37
MatchedMLP,6.0,1,1,0.41933939684059357,0.40915733073550903,0.7124556685925506,4224,4224,0.03273272514343262,33
MatchedMLP,6.0,1,2,0.4595500239348971,0.42602948652770717,0.7846145734472214,4224,8448,0.030408143997192383,33
MatchedMLP,6.0,1,3,0.5102920057443753,0.44970414201183434,0.8188156645964801,4224,12672,0.030775070190429688,33
MatchedMLP,6.0,1,4,0.5739588319770225,0.4837587006960557,0.8340229330047676,4224,16896,0.028482913970947266,33
MatchedMLP,6.0,1,5,0.6256582096696984,0.513681592039801,0.8431056683150457,4224,21120,0.02949810028076172,33
MatchedMLP,6.0,1,6,0.6414552417424605,0.5244444444444445,0.8460860709191518,4224,25344,0.029361248016357422,33
MatchedMLP,6.0,1,7,0.6519865964576352,0.5294498381877023,0.849596507878364,4224,29568,0.02964925765991211,33
MatchedMLP,6.0,1,8,0.66251795117281,0.5364891518737672,0.8519247739722606,4224,33792,0.033479928970336914,33
MatchedMLP,6.0,1,9,0.672091910004787,0.5436375749500333,0.8528738407232886,4224,38016,0.031053543090820312,33
MatchedMLP,6.0,1,10,0.6807084729535663,0.5484089370345294,0.8543182537171782,4224,42240,0.02587890625,33
MatchedMLP,6.0,1,11,0.6898037338439444,0.5555555555555556,0.8554962620090245,4224,46464,0.025623559951782227,33
MatchedMLP,6.0,1,12,0.70416467209191,0.5641748942172073,0.8565466180478085,4224,50688,0.02609086036682129,33
MatchedMLP,6.0,1,13,0.7146960268070848,0.5712230215827339,0.8570683272559761,4224,54912,0.028269052505493164,33
MatchedMLP,6.0,1,14,0.7185256103398755,0.5720524017467249,0.8571821042641403,4224,59136,0.030007600784301758,33
MatchedMLP,6.0,1,15,0.7233125897558641,0.5768667642752562,0.8584614018437424,4224,63360,0.024175167083740234,33
MatchedMLP,6.0,1,16,0.7261847774054572,0.5781710914454278,0.8594215687906891,4224,67584,0.030452251434326172,33
MatchedMLP,6.0,1,17,0.7309717568214457,0.5818452380952381,0.8603262347580436,4224,71808,0.032270193099975586,33
MatchedMLP,6.0,1,18,0.7328865485878411,0.5835820895522388,0.8614875927560122,4224,76032,0.02610611915588379,33
MatchedMLP,6.0,1,19,0.7367161321206319,0.5858433734939759,0.8619260504947913,4224,80256,0.028981924057006836,33
MatchedMLP,6.0,1,20,0.7367161321206319,0.5858433734939759,0.8629750190090855,4224,84480,0.03533577919006348,33
MatchedMLP,6.0,1,21,0.7391096218286262,0.5880574452003023,0.8639310233825627,4224,88704,0.029552221298217773,33
MatchedMLP,6.0,1,22,0.7438966012446147,0.5912910618792971,0.8641752276927689,4224,92928,0.02217721939086914,33
MatchedMLP,6.0,1,23,0.7415031115366204,0.590288315629742,0.8649175532948157,4224,97152,0.022118330001831055,33
MatchedMLP,6.0,1,24,0.7438966012446147,0.5925361766945926,0.8654878258601263,4224,101376,0.027210712432861328,33
MatchedMLP,6.0,1,25,0.742939205361417,0.592255125284738,0.8659332212213546,4224,105600,0.025855064392089844,33
VQC,6.0,2,1,0.3379607467687889,0.2568511552928533,0.38912291801950305,4736,4736,0.4978160858154297,37
VQC,6.0,2,2,0.5696505505026328,0.18346957311534967,0.39645320989915467,4736,9472,0.5617420673370361,37
VQC,6.0,2,3,0.4356151268549545,0.23689320388349513,0.4045077895624858,4736,14208,0.5267105102539062,37
VQC,6.0,2,4,0.5859262805169938,0.1785375118708452,0.431846184585158,4736,18944,0.5284228324890137,37
VQC,6.0,2,5,0.39444710387745335,0.29290106204583566,0.48568768488763825,4736,23680,0.5537309646606445,37
VQC,6.0,2,6,0.5313547151747248,0.27961736571008095,0.5193712294021989,4736,28416,0.5372011661529541,37
VQC,6.0,2,7,0.6778362853039732,0.3181357649442756,0.6173027078927943,4736,33152,0.4831416606903076,37
VQC,6.0,2,8,0.6117759693633318,0.41863799283154124,0.6957588926444552,4736,37888,0.548792839050293,37
VQC,6.0,2,9,0.5476304451890857,0.43582089552238806,0.7126298029160215,4736,42624,0.5557103157043457,37
VQC,6.0,2,10,0.5122067975107707,0.4113229347198151,0.6952718715485328,4736,47360,0.6107473373413086,37
VQC,6.0,2,11,0.4140737194830062,0.37678207739307534,0.6669760846278938,4736,52096,0.555783748626709,37
VQC,6.0,2,12,0.38439444710387743,0.3550651955867603,0.6529829001481876,4736,56832,0.5142090320587158,37
VQC,6.0,2,13,0.4351364289133557,0.37300743889479276,0.6634559349972526,4736,61568,0.550421953201294,37
VQC,6.0,2,14,0.41790330301579703,0.3699481865284974,0.6642079732707283,4736,66304,0.5903043746948242,37
VQC,6.0,2,15,0.4619435136428913,0.37486095661846497,0.6677558733911654,4736,71040,0.5472970008850098,37
VQC,6.0,2,16,0.43178554332216373,0.3689526847421584,0.6708875161646604,4736,75776,0.5436463356018066,37
VQC,6.0,2,17,0.46433700335088557,0.3934959349593496,0.6938968347791339,4736,80512,0.4819014072418213,37
VQC,6.0,2,18,0.530397319291527,0.4136282127913927,0.6864236278770319,4736,85248,0.5330023765563965,37
VQC,6.0,2,19,0.530397319291527,0.42395772166764534,0.7066953606731159,4736,89984,0.5865828990936279,37
VQC,6.0,2,20,0.530397319291527,0.43262001156738,0.7135580567997025,4736,94720,0.5350124835968018,37
VQC,6.0,2,21,0.5126854954523695,0.42290249433106575,0.7061583886955605,4736,99456,0.5383055210113525,37
VQC,6.0,2,22,0.5557683101962662,0.42997542997543,0.7116918363609117,4736,104192,0.5420243740081787,37
VQC,6.0,2,23,0.4992819530876017,0.413677130044843,0.7141130665956253,4736,108928,0.5312833786010742,37
VQC,6.0,2,24,0.524174246050742,0.43004587155963303,0.7096827008996709,4736,113664,0.5832722187042236,37
VQC,6.0,2,25,0.505026328386788,0.4255555555555556,0.7163775065629907,4736,118400,0.516890287399292,37
MatchedMLP,6.0,2,1,0.2872187649593107,0.3628583654257595,0.7045086220771796,4224,4224,0.03611183166503906,33
MatchedMLP,6.0,2,2,0.3173767352800383,0.37180616740088107,0.8055321988933104,4224,8448,0.029769182205200195,33
MatchedMLP,6.0,2,3,0.37242699856390615,0.39277443260768874,0.827655583121042,4224,12672,0.02994561195373535,33
MatchedMLP,6.0,2,4,0.47534705600765914,0.4356333676622039,0.8402654056844103,4224,16896,0.02968597412109375,33
MatchedMLP,6.0,2,5,0.5782671134514121,0.4886825304701103,0.8481992707171282,4224,21120,0.03027653694152832,33
MatchedMLP,6.0,2,6,0.6562948779320249,0.5337662337662338,0.853231822041659,4224,25344,0.03181767463684082,33
MatchedMLP,6.0,2,7,0.6864528482527525,0.5498281786941581,0.8549495773600404,4224,29568,0.030836820602416992,33
MatchedMLP,6.0,2,8,0.7089516515078985,0.5632183908045977,0.8566812079233198,4224,33792,0.031796932220458984,33
MatchedMLP,6.0,2,9,0.7166108185734801,0.5710144927536231,0.8579216548172076,4224,38016,0.03242087364196777,33
MatchedMLP,6.0,2,10,0.726663475347056,0.5760950259836675,0.8585710162784373,4224,42240,0.03049445152282715,33
MatchedMLP,6.0,2,11,0.7276208712302538,0.575689783743475,0.859357742664158,4224,46464,0.030377626419067383,33
MatchedMLP,6.0,2,12,0.7295356629966491,0.5767790262172284,0.8600834179723273,4224,50688,0.03165698051452637,33
MatchedMLP,6.0,2,13,0.739588319770225,0.5840978593272171,0.8607563673498837,4224,54912,0.028771638870239258,33
MatchedMLP,6.0,2,14,0.7405457156534226,0.5849923430321593,0.8614945303784611,4224,59136,0.033043622970581055,33
MatchedMLP,6.0,2,15,0.739588319770225,0.5853658536585366,0.8622340809315283,4224,63360,0.027857542037963867,33
MatchedMLP,6.0,2,16,0.7424605074198181,0.5861538461538461,0.8626156501662253,4224,67584,0.022536516189575195,33
MatchedMLP,6.0,2,17,0.7448539971278123,0.5884169884169884,0.8632774993478635,4224,71808,0.028603792190551758,33
MatchedMLP,6.0,2,18,0.7472474868358066,0.5887850467289719,0.8635092159376613,4224,76032,0.030292272567749023,33
MatchedMLP,6.0,2,19,0.7458113930110101,0.5893271461716937,0.863857484584603,4224,80256,0.030929088592529297,33
MatchedMLP,6.0,2,20,0.7462900909526089,0.5891472868217055,0.8642931672744023,4224,84480,0.04216718673706055,33
MatchedMLP,6.0,2,21,0.7467687888942077,0.5883268482490273,0.8645803848437925,4224,88704,0.029408693313598633,33
MatchedMLP,6.0,2,22,0.7529918621349928,0.596244131455399,0.8652630468927777,4224,92928,0.024514198303222656,33
MatchedMLP,6.0,2,23,0.7534705600765916,0.5948072383949646,0.8656515537499238,4224,97152,0.035475730895996094,33
MatchedMLP,6.0,2,24,0.7539492580181906,0.5965463108320251,0.8660525483274779,4224,101376,0.02997446060180664,33
MatchedMLP,6.0,2,25,0.752513164193394,0.5957779515246286,0.8665298567519715,4224,105600,0.028189420700073242,33
VQC,6.0,3,1,0.32790808999521304,0.2717842323651452,0.4070053336441388,4736,4736,0.5557057857513428,37
VQC,6.0,3,2,0.5045476304451891,0.2559309849029475,0.4472199559322222,4736,9472,0.5642704963684082,37
VQC,6.0,3,3,0.40210627094303497,0.32740980075390413,0.5135921899021518,4736,14208,0.5749533176422119,37
VQC,6.0,3,4,0.49114408808042126,0.36763831052944673,0.5932929841211697,4736,18944,0.5380158424377441,37
VQC,6.0,3,5,0.40593585447582575,0.3853392768697375,0.6503063654073493,4736,23680,0.5655388832092285,37
VQC,6.0,3,6,0.45093346098611775,0.40539139450492484,0.6909330824689055,4736,28416,0.5743062496185303,37
VQC,6.0,3,7,0.4202967927237913,0.39781203381402286,0.7218290902834434,4736,33152,0.5465054512023926,37
VQC,6.0,3,8,0.42556247008137865,0.4,0.748265594387741,4736,37888,0.5591950416564941,37
VQC,6.0,3,9,0.4222115844901867,0.39920358387257343,0.749128634620401,4736,42624,0.5291328430175781,37
VQC,6.0,3,10,0.4475825753949258,0.4075975359342916,0.7494019769448932,4736,47360,0.5768024921417236,37
VQC,6.0,3,11,0.4858784107228339,0.42071197411003236,0.7400320240652247,4736,52096,0.5415561199188232,37
VQC,6.0,3,12,0.4298707515557683,0.4047976011994003,0.7354781686896773,4736,56832,0.5762572288513184,37
VQC,6.0,3,13,0.5083772139779799,0.4259362772498603,0.7226616049773279,4736,61568,0.5394959449768066,37
VQC,6.0,3,14,0.5074198180947822,0.4241745942921097,0.7193454214466886,4736,66304,0.5624186992645264,37
VQC,6.0,3,15,0.5059837242699856,0.41957255343082117,0.7132139507262303,4736,71040,0.5240528583526611,37
VQC,6.0,3,16,0.4930588798468167,0.4119933370349806,0.7095786365629353,4736,75776,0.5474643707275391,37
VQC,6.0,3,17,0.46960268070847294,0.4004329004329004,0.698525616477131,4736,80512,0.5420241355895996,37
VQC,6.0,3,18,0.5299186213499282,0.39975550122249387,0.6874795340137754,4736,85248,0.5603704452514648,37
VQC,6.0,3,19,0.44327429392053613,0.38692672641012127,0.6905598383811473,4736,89984,0.5080878734588623,37
VQC,6.0,3,20,0.530397319291527,0.4050939963614312,0.6905404130382902,4736,94720,0.5820300579071045,37
VQC,6.0,3,21,0.5055050263283868,0.397667638483965,0.6923067317138147,4736,99456,0.5438992977142334,37
VQC,6.0,3,22,0.48396361895643847,0.38540478905359177,0.6821528274974054,4736,104192,0.5328786373138428,37
VQC,6.0,3,23,0.4801340354236477,0.37871853546910755,0.6760102565810286,4736,108928,0.5678415298461914,37
VQC,6.0,3,24,0.49210148396361897,0.38987924094307075,0.6765444535096045,4736,113664,0.5701782703399658,37
VQC,6.0,3,25,0.49018669219722355,0.3910806174957118,0.6817032695627078,4736,118400,0.5660388469696045,37
MatchedMLP,6.0,3,1,0.7056007659167065,0.5228859581070597,0.7947788840973042,4224,4224,0.032678842544555664,33
MatchedMLP,6.0,3,2,0.7161321206318813,0.5577926920208799,0.8140037296658287,4224,8448,0.03337383270263672,33
MatchedMLP,6.0,3,3,0.717089516515079,0.5612472160356348,0.8254230562169423,4224,12672,0.030290842056274414,33
MatchedMLP,6.0,3,4,0.7108664432742939,0.5571847507331378,0.8324050794496521,4224,16896,0.033557891845703125,33
MatchedMLP,6.0,3,5,0.7084729535662997,0.5583756345177665,0.8370074981823429,4224,21120,0.02855372428894043,33
MatchedMLP,6.0,3,6,0.7099090473910962,0.5608695652173913,0.8412061472884997,4224,25344,0.0340266227722168,33
MatchedMLP,6.0,3,7,0.7118238391574916,0.5618631732168851,0.8442309506762794,4224,29568,0.03267669677734375,33
MatchedMLP,6.0,3,8,0.7156534226902824,0.5645161290322581,0.8461207590313969,4224,33792,0.02985215187072754,33
MatchedMLP,6.0,3,9,0.7209191000478697,0.5678280207561156,0.848430987306926,4224,38016,0.031942129135131836,33
MatchedMLP,6.0,3,10,0.7237912876974629,0.571003717472119,0.8503180206130637,4224,42240,0.03245902061462402,33
MatchedMLP,6.0,3,11,0.7257060794638583,0.573343261355175,0.8523784944804277,4224,46464,0.03225874900817871,33
MatchedMLP,6.0,3,12,0.7280995691718526,0.5754857997010463,0.8540504614906452,4224,50688,0.029952287673950195,33
MatchedMLP,6.0,3,13,0.7304930588798468,0.5770097670924117,0.8555462128906575,4224,54912,0.029120445251464844,33
MatchedMLP,6.0,3,14,0.7309717568214457,0.5793413173652695,0.8570919151723028,4224,59136,0.02606821060180664,33
MatchedMLP,6.0,3,15,0.7338439444710387,0.5806938159879337,0.8581325585396582,4224,63360,0.029392004013061523,33
MatchedMLP,6.0,3,16,0.7333652465294399,0.580887885628292,0.8593591301886478,4224,67584,0.029239416122436523,33
MatchedMLP,6.0,3,17,0.7343226424126377,0.5817633760361718,0.8606772784539647,4224,71808,0.0335538387298584,33
MatchedMLP,6.0,3,18,0.739588319770225,0.5853658536585366,0.8608645942600887,4224,76032,0.03184628486633301,33
MatchedMLP,6.0,3,19,0.7400670177118238,0.5839080459770115,0.861574313036625,4224,80256,0.030261516571044922,33
MatchedMLP,6.0,3,20,0.7415031115366204,0.5865237366003063,0.8628536106162273,4224,84480,0.029397964477539062,33
MatchedMLP,6.0,3,21,0.7410244135950216,0.5841660261337432,0.8634009890274563,4224,88704,0.02947854995727539,33
MatchedMLP,6.0,3,22,0.7438966012446147,0.5855925639039504,0.8637277510448058,4224,92928,0.028873205184936523,33
MatchedMLP,6.0,3,23,0.7443752991862135,0.586687306501548,0.8637596641080716,4224,97152,0.029233217239379883,33
MatchedMLP,6.0,3,24,0.7410244135950216,0.587966488956588,0.86495779150502,4224,101376,0.029401540756225586,33
MatchedMLP,6.0,3,25,0.7381522259454284,0.5846621108580107,0.8660664235723761,4224,105600,0.027358293533325195,33
VQC,6.0,4,1,0.3384394447103877,0.26332622601279315,0.4022114365318548,4736,4736,0.5491976737976074,37
VQC,6.0,4,2,0.5696505505026328,0.21621621621621623,0.4206141738401683,4736,9472,0.5150201320648193,37
VQC,6.0,4,3,0.36716132120631884,0.303477344573235,0.48127119443658184,4736,14208,0.507840633392334,37
VQC,6.0,4,4,0.6045955002393489,0.33707865168539325,0.571307658580174,4736,18944,0.5217390060424805,37
VQC,6.0,4,5,0.3752991862134993,0.34782608695652173,0.5621028211147927,4736,23680,0.5467021465301514,37
VQC,6.0,4,6,0.4097654380086166,0.3667180277349769,0.5710967548577233,4736,28416,0.5714871883392334,37
VQC,6.0,4,7,0.4801340354236477,0.3634232121922626,0.5904249710007382,4736,33152,0.5258748531341553,37
VQC,6.0,4,8,0.5495452369554811,0.3697253851306095,0.6344774860276283,4736,37888,0.5392196178436279,37
VQC,6.0,4,9,0.5543322163714696,0.3870967741935484,0.6710359812850696,4736,42624,0.5248043537139893,37
VQC,6.0,4,10,0.6361895643848732,0.4492753623188406,0.7007567558567409,4736,47360,0.5545449256896973,37
VQC,6.0,4,11,0.5088559119195788,0.39361702127659576,0.687855553150513,4736,52096,0.5660562515258789,37
VQC,6.0,4,12,0.5615126854954524,0.41055341055341055,0.6907416040893122,4736,56832,0.5221467018127441,37
VQC,6.0,4,13,0.5969363331737674,0.4103641456582633,0.6887380187260305,4736,61568,0.5498654842376709,37
VQC,6.0,4,14,0.5715653422690282,0.42369607211848037,0.6971436420852828,4736,66304,0.5137054920196533,37
VQC,6.0,4,15,0.5548109143130685,0.41213653603034134,0.6790641979830944,4736,71040,0.522390604019165,37
VQC,6.0,4,16,0.5801819052178075,0.4118041582830315,0.6777169117034916,4736,75776,0.5356204509735107,37
VQC,6.0,4,17,0.5639061752034467,0.40183847669074196,0.6648517846339987,4736,80512,0.5500409603118896,37
VQC,6.0,4,18,0.5548109143130685,0.39295039164490864,0.6551307880584093,4736,85248,0.5445613861083984,37
VQC,6.0,4,19,0.5280038295835328,0.38985148514851486,0.6579280374298606,4736,89984,0.5385808944702148,37
VQC,6.0,4,20,0.5887984681665869,0.4038861901457321,0.6611762322604994,4736,94720,0.5297830104827881,37
VQC,6.0,4,21,0.5284825275251317,0.39384615384615385,0.6670787614401394,4736,99456,0.5613739490509033,37
VQC,6.0,4,22,0.5797032072762087,0.4043419267299864,0.6617340171054019,4736,104192,0.5504868030548096,37
VQC,6.0,4,23,0.5308760172331259,0.391304347826087,0.6610014041747837,4736,108928,0.5677621364593506,37
VQC,6.0,4,24,0.5773097175682145,0.40698455339153794,0.665764775748292,4736,113664,0.49888110160827637,37
VQC,6.0,4,25,0.5447582575394926,0.40376175548589344,0.6758645665095988,4736,118400,0.5035593509674072,37
MatchedMLP,6.0,4,1,0.3269506941120153,0.35799086757990867,0.469234419487504,4224,4224,0.027406930923461914,33
MatchedMLP,6.0,4,2,0.4542843465773097,0.4177732379979571,0.683747093136194,4224,8448,0.027104616165161133,33
MatchedMLP,6.0,4,3,0.5442795595978938,0.4590909090909091,0.7783887510614562,4224,12672,0.0282442569732666,33
MatchedMLP,6.0,4,4,0.6285303973192915,0.5038363171355499,0.8132676479239859,4224,16896,0.029817581176757812,33
MatchedMLP,6.0,4,5,0.6725706079463858,0.5315068493150685,0.8299304295220812,4224,21120,0.023671388626098633,33
MatchedMLP,6.0,4,6,0.6845380564863571,0.5381920112123336,0.8374986818517348,4224,25344,0.022500276565551758,33
MatchedMLP,6.0,4,7,0.6950694112015319,0.5466192170818506,0.8420622498987107,4224,29568,0.023432016372680664,33
MatchedMLP,6.0,4,8,0.6984202967927238,0.5493562231759657,0.8454061839191462,4224,33792,0.026392698287963867,33
MatchedMLP,6.0,4,9,0.7017711823839158,0.5527638190954773,0.8480743935130455,4224,38016,0.021718263626098633,33
MatchedMLP,6.0,4,10,0.7022498803255146,0.5538020086083214,0.850646863917148,4224,42240,0.021796226501464844,33
MatchedMLP,6.0,4,11,0.7046433700335089,0.5545126353790614,0.8526143736436947,4224,46464,0.022954463958740234,33
MatchedMLP,6.0,4,12,0.7070368597415031,0.5578034682080925,0.8540351987212573,4224,50688,0.021845340728759766,33
MatchedMLP,6.0,4,13,0.7118238391574916,0.5625,0.855470592805963,4224,54912,0.021945953369140625,33
MatchedMLP,6.0,4,14,0.7146960268070848,0.565597667638484,0.857233442670263,4224,59136,0.026399612426757812,33
MatchedMLP,6.0,4,15,0.7175682144566778,0.568081991215227,0.8581103581478213,4224,63360,0.028914690017700195,33
MatchedMLP,6.0,4,16,0.7185256103398755,0.5689149560117303,0.8592869789151778,4224,67584,0.02478933334350586,33
MatchedMLP,6.0,4,17,0.7194830062230733,0.5684830633284241,0.8590268180733389,4224,71808,0.02724933624267578,33
MatchedMLP,6.0,4,18,0.7190043082814744,0.5686994856722998,0.8599072023621217,4224,76032,0.022272109985351562,33
MatchedMLP,6.0,4,19,0.7233125897558641,0.5705794947994056,0.8600397109508984,4224,80256,0.027858257293701172,33
MatchedMLP,6.0,4,20,0.7242699856390618,0.5720653789004457,0.8608930385121296,4224,84480,0.03200268745422363,33
MatchedMLP,6.0,4,21,0.7257060794638583,0.5727069351230425,0.8625934497743885,4224,88704,0.03140449523925781,33
MatchedMLP,6.0,4,22,0.730014360938248,0.5772113943028486,0.863928942095828,4224,92928,0.033533573150634766,33
MatchedMLP,6.0,4,23,0.7304930588798468,0.5789080029917726,0.8648717649866521,4224,97152,0.03208327293395996,33
MatchedMLP,6.0,4,24,0.7319291527046433,0.5795795795795796,0.8648343018254272,4224,101376,0.034680843353271484,33
MatchedMLP,6.0,4,25,0.7338439444710387,0.5819548872180451,0.8660220227887022,4224,105600,0.028939008712768555,33
VQC,8.0,0,1,0.5093346098611776,0.30224642614023145,0.5055667482531068,6272,6272,0.8631479740142822,49
VQC,8.0,0,2,0.6179990426041168,0.2611111111111111,0.5140042846756245,6272,12544,0.8347389698028564,49
VQC,8.0,0,3,0.5227381522259454,0.29240596167494676,0.5282402859410469,6272,18816,0.8393635749816895,49
VQC,8.0,0,4,0.6055528961225467,0.28719723183391005,0.5546060262963641,6272,25088,0.7518100738525391,49
VQC,8.0,0,5,0.5615126854954524,0.3428981348637016,0.5835858627904782,6272,31360,0.8215060234069824,49
VQC,8.0,0,6,0.5667783628530397,0.3408594319009468,0.5986488286518257,6272,37632,0.8683514595031738,49
VQC,8.0,0,7,0.5557683101962662,0.34831460674157305,0.6002250564722468,6272,43904,0.793149471282959,49
VQC,8.0,0,8,0.5270464337003351,0.36175710594315247,0.6027004001620628,6272,50176,0.8482480049133301,49
VQC,8.0,0,9,0.5414073719483006,0.36387782204515273,0.6048760385620806,6272,56448,0.8508803844451904,49
VQC,8.0,0,10,0.5021541407371948,0.39323220536756126,0.6173609839213663,6272,62720,0.8029215335845947,49
VQC,8.0,0,11,0.5131641933939685,0.3877182420228778,0.6085280030192532,6272,68992,0.8601808547973633,49
VQC,8.0,0,12,0.48635710866443277,0.3988795518207283,0.6234050405989665,6272,75264,0.8571398258209229,49
VQC,8.0,0,13,0.47774054571565344,0.3887955182072829,0.6152491716478794,6272,81536,0.8193964958190918,49
VQC,8.0,0,14,0.44901866921972233,0.3906829010058232,0.6154808882376774,6272,87808,0.8141660690307617,49
VQC,8.0,0,15,0.4940162757300144,0.38150965476887067,0.6182920128540269,6272,94080,0.8292455673217773,49
VQC,8.0,0,16,0.47056007659167065,0.3949671772428884,0.6297016267337118,6272,100352,0.78961181640625,49
VQC,8.0,0,17,0.4796553374820488,0.3813318155947638,0.6275814893132864,6272,106624,0.8565433025360107,49
VQC,8.0,0,18,0.4413595021541407,0.3722431414739107,0.6325474394623065,6272,112896,0.7717301845550537,49
VQC,8.0,0,19,0.4940162757300144,0.37492607924305144,0.630305199886778,6272,119168,1.014538288116455,49
VQC,8.0,0,20,0.4552417424605074,0.37265711135611906,0.6373052609378556,6272,125440,0.9072227478027344,49
VQC,8.0,0,21,0.47103877453326953,0.37251561612720047,0.6272568085826715,6272,131712,0.8329057693481445,49
VQC,8.0,0,22,0.4801340354236477,0.3729792147806005,0.6283612780765581,6272,137984,0.8565750122070312,49
VQC,8.0,0,23,0.5059837242699856,0.38498212157330153,0.6335866953051721,6272,144256,0.8417990207672119,49
VQC,8.0,0,24,0.46290090952608903,0.37942477876106195,0.6425653662787149,6272,150528,1.121427059173584,49
VQC,8.0,0,25,0.5193872666347534,0.3787128712871287,0.6432591285236184,6272,156800,1.0675640106201172,49
MatchedMLP,8.0,0,1,0.26328386787936814,0.3584827011254689,0.8195899032617927,6528,6528,0.033985137939453125,51
MatchedMLP,8.0,0,2,0.5629487793202489,0.4827195467422096,0.8353445500813088,6528,13056,0.02573227882385254,51
MatchedMLP,8.0,0,3,0.6481570129248444,0.5309508615188258,0.8426588854293279,6528,19584,0.03333091735839844,51
MatchedMLP,8.0,0,4,0.6845380564863571,0.5458304617505169,0.8453860648140439,6528,26112,0.03546595573425293,51
MatchedMLP,8.0,0,5,0.6998563906175204,0.5550035486160397,0.8478634897905948,6528,32640,0.03314089775085449,51
MatchedMLP,8.0,0,6,0.7108664432742939,0.5604075691411936,0.8499614268191835,6528,39168,0.03111886978149414,51
MatchedMLP,8.0,0,7,0.7199617041646721,0.5669874167283494,0.8519407305038933,6528,45696,0.028989315032958984,51
MatchedMLP,8.0,0,8,0.7237912876974629,0.571003717472119,0.853462151106967,6528,52224,0.02801346778869629,51
MatchedMLP,8.0,0,9,0.7290569650550502,0.5757121439280359,0.8546373843498339,6528,58752,0.02935028076171875,51
MatchedMLP,8.0,0,10,0.7343226424126377,0.5798637395912187,0.8547303484906508,6528,65280,0.03093576431274414,51
MatchedMLP,8.0,0,11,0.7343226424126377,0.5798637395912187,0.8554657364702487,6528,71808,0.030655860900878906,51
MatchedMLP,8.0,0,12,0.7371948300622307,0.5825095057034221,0.8563176765069902,6528,78336,0.022943496704101562,51
MatchedMLP,8.0,0,13,0.736237434179033,0.5828917486752461,0.8573180816641413,6528,84864,0.022882461547851562,51
MatchedMLP,8.0,0,14,0.7367161321206319,0.582701062215478,0.8577634770253695,6528,91392,0.033646583557128906,51
MatchedMLP,8.0,0,15,0.7415031115366204,0.5871559633027523,0.8579591179784323,6528,97920,0.03032088279724121,51
MatchedMLP,8.0,0,16,0.7462900909526089,0.5910493827160493,0.8588970845335421,6528,104448,0.03397965431213379,51
MatchedMLP,8.0,0,17,0.7472474868358066,0.5919629057187017,0.8592675535723205,6528,110976,0.04235506057739258,51
MatchedMLP,8.0,0,18,0.7462900909526089,0.5910493827160493,0.8595408958968126,6528,117504,0.03543233871459961,51
MatchedMLP,8.0,0,19,0.7510770703685974,0.5950155763239875,0.8606634032090666,6528,124032,0.04335784912109375,51
MatchedMLP,8.0,0,20,0.7520344662517952,0.5953125,0.8608965073233542,6528,130560,0.02940225601196289,51
MatchedMLP,8.0,0,21,0.7534705600765916,0.5967110415035238,0.8613543904049906,6528,137088,0.03221321105957031,51
MatchedMLP,8.0,0,22,0.7549066539013882,0.5987460815047022,0.8618691619907091,6528,143616,0.036446332931518555,51
MatchedMLP,8.0,0,23,0.7515557683101962,0.5954793452844894,0.8623686708070397,6528,150144,0.0327146053314209,51
MatchedMLP,8.0,0,24,0.7462900909526089,0.5929339477726574,0.8628834423927584,6528,156672,0.033525705337524414,51
MatchedMLP,8.0,0,25,0.7482048827190043,0.5941358024691358,0.8635244787070492,6528,163200,0.03482365608215332,51
VQC,8.0,1,1,0.49784585926280517,0.31393067364290383,0.5015318270367473,6272,6272,0.8464746475219727,49
VQC,8.0,1,2,0.59167065581618,0.27156276686592656,0.50878164249599,6272,12544,0.8588705062866211,49
VQC,8.0,1,3,0.488750598372427,0.30013106159895153,0.5090730226388496,6272,18816,0.9676980972290039,49
VQC,8.0,1,4,0.5399712781235041,0.27906976744186046,0.5161826981246219,6272,25088,0.8778977394104004,49
VQC,8.0,1,5,0.5256103398755385,0.2718589272593681,0.5251239059369397,6272,31360,0.8931498527526855,49
VQC,8.0,1,6,0.49784585926280517,0.3039150630391506,0.5351376701798787,6272,37632,0.8648412227630615,49
VQC,8.0,1,7,0.5308760172331259,0.2877906976744186,0.5460297374248656,6272,43904,0.8090448379516602,49
VQC,8.0,1,8,0.5993298228817616,0.32226720647773277,0.5784922603883959,6272,50176,0.8470993041992188,49
VQC,8.0,1,9,0.5892771661081857,0.36350148367952523,0.6067367089029122,6272,56448,0.9230384826660156,49
VQC,8.0,1,10,0.6036381043561513,0.3774436090225564,0.6212377273458877,6272,62720,0.8432178497314453,49
VQC,8.0,1,11,0.6017233125897559,0.3891336270190896,0.6291022161541151,6272,68992,0.936903715133667,49
VQC,8.0,1,12,0.6385830540928674,0.38767234387672345,0.6361050522541722,6272,75264,0.8506286144256592,49
VQC,8.0,1,13,0.6610818573480134,0.3979591836734694,0.6470581705767107,6272,81536,0.7845401763916016,49
VQC,8.0,1,14,0.6242221158449018,0.4075471698113208,0.64547916770731,6272,87808,0.8293061256408691,49
VQC,8.0,1,15,0.6610818573480134,0.4158415841584158,0.6560243538298451,6272,94080,0.8480818271636963,49
VQC,8.0,1,16,0.6505505026328386,0.41318327974276525,0.6557829245686186,6272,100352,0.8202536106109619,49
VQC,8.0,1,17,0.697941598851125,0.42056932966023874,0.6583651076441499,6272,106624,0.8252067565917969,49
VQC,8.0,1,18,0.6376256582096697,0.4136328427575523,0.658205542327822,6272,112896,0.8625643253326416,49
VQC,8.0,1,19,0.6673049305887985,0.41151566469093986,0.6558398130727008,6272,119168,0.8826498985290527,49
VQC,8.0,1,20,0.6275730014360938,0.3940809968847352,0.6536558495257442,6272,125440,0.8586220741271973,49
VQC,8.0,1,21,0.659167065581618,0.40863787375415284,0.654556352919629,6272,131712,0.8402748107910156,49
VQC,8.0,1,22,0.6223073240785064,0.396327467482785,0.6534754713420692,6272,137984,0.9026079177856445,49
VQC,8.0,1,23,0.6404978458592628,0.40444091990483744,0.6575964190767967,6272,144256,0.8075046539306641,49
VQC,8.0,1,24,0.6711345141215893,0.4173027989821883,0.6590796827564005,6272,150528,0.8724448680877686,49
VQC,8.0,1,25,0.6390617520344662,0.40348101265822783,0.6601688894808992,6272,156800,0.8019435405731201,49
MatchedMLP,8.0,1,1,0.7893729056965055,0.327217125382263,0.8262236578475609,6528,6528,0.0339207649230957,51
MatchedMLP,8.0,1,2,0.7869794159885113,0.5980126467931346,0.8379170204854115,6528,13056,0.03268599510192871,51
MatchedMLP,8.0,1,3,0.7367161321206319,0.5749613601236476,0.8428836643966766,6528,19584,0.03058934211730957,51
MatchedMLP,8.0,1,4,0.7142173288654858,0.5658181818181818,0.8452757566171043,6528,26112,0.03099226951599121,51
MatchedMLP,8.0,1,5,0.713738630923887,0.5660377358490566,0.8480119549110042,6528,32640,0.02960371971130371,51
MatchedMLP,8.0,1,6,0.7132599329822882,0.5675090252707581,0.8487209799252957,6528,39168,0.03142738342285156,51
MatchedMLP,8.0,1,7,0.7146960268070848,0.56998556998557,0.850755090827353,6528,45696,0.029098033905029297,51
MatchedMLP,8.0,1,8,0.7118238391574916,0.5687679083094556,0.8520066379171592,6528,52224,0.023603200912475586,51
MatchedMLP,8.0,1,9,0.7127812350406894,0.569583931133429,0.8529113038845135,6528,58752,0.022678375244140625,51
MatchedMLP,8.0,1,10,0.7146960268070848,0.5712230215827339,0.853519039611049,6528,65280,0.026066064834594727,51
MatchedMLP,8.0,1,11,0.7108664432742939,0.5679542203147353,0.853988022888604,6528,71808,0.03394722938537598,51
MatchedMLP,8.0,1,12,0.717089516515079,0.5732851985559567,0.8549516586467751,6528,78336,0.029766321182250977,51
MatchedMLP,8.0,1,13,0.7204404021062709,0.5755813953488372,0.8555038933937185,6528,84864,0.03550100326538086,51
MatchedMLP,8.0,1,14,0.7218764959310675,0.5749817117776153,0.8550675169416739,6528,91392,0.03203392028808594,51
MatchedMLP,8.0,1,15,0.7228338918142652,0.5776805251641138,0.8556544398008623,6528,97920,0.032999515533447266,51
MatchedMLP,8.0,1,16,0.726663475347056,0.5804555473916239,0.8564841794457673,6528,104448,0.023962020874023438,51
MatchedMLP,8.0,1,17,0.7280995691718526,0.5786350148367952,0.8568657486804643,6528,110976,0.030014514923095703,51
MatchedMLP,8.0,1,18,0.7280995691718526,0.5786350148367952,0.857681613080471,6528,117504,0.033493757247924805,51
MatchedMLP,8.0,1,19,0.7285782671134514,0.5784386617100372,0.8578717039355744,6528,124032,0.029619216918945312,51
MatchedMLP,8.0,1,20,0.7319291527046433,0.5814648729446936,0.8584738895641509,6528,130560,0.0310366153717041,51
MatchedMLP,8.0,1,21,0.7328865485878411,0.5829596412556054,0.859034449458033,6528,137088,0.029345273971557617,51
MatchedMLP,8.0,1,22,0.7376735280038296,0.5854765506807866,0.8592495157539531,6528,143616,0.031957387924194336,51
MatchedMLP,8.0,1,23,0.7314504547630445,0.5822784810126582,0.8600723177764087,6528,150144,0.03231644630432129,51
MatchedMLP,8.0,1,24,0.7357587362374342,0.5855855855855856,0.8601944199315118,6528,156672,0.03139972686767578,51
MatchedMLP,8.0,1,25,0.7352800382958353,0.5851462865716429,0.8609228702886607,6528,163200,0.03047633171081543,51
VQC,8.0,2,1,0.4988032551460029,0.3107307439104674,0.5160328454797228,6272,6272,0.8851709365844727,49
VQC,8.0,2,2,0.5457156534226902,0.3167746580273578,0.5414259311676851,6272,12544,0.847139835357666,49
VQC,8.0,2,3,0.5299186213499282,0.3218232044198895,0.5515756728106251,6272,18816,0.8788213729858398,49
VQC,8.0,2,4,0.5256103398755385,0.3272233536999321,0.5665484495801351,6272,25088,0.8489656448364258,49
VQC,8.0,2,5,0.49593106749640975,0.33480732785849654,0.5829587017210853,6272,31360,0.8515133857727051,49
VQC,8.0,2,6,0.5763523216850167,0.3320754716981132,0.6016611443191973,6272,37632,0.7790713310241699,49
VQC,8.0,2,7,0.5533748204882719,0.35343035343035345,0.6147385626356305,6272,43904,0.8635125160217285,49
VQC,8.0,2,8,0.6199138343705122,0.37183544303797467,0.6292243183092182,6272,50176,0.8520112037658691,49
VQC,8.0,2,9,0.5811393011010053,0.38162544169611307,0.6336616216276217,6272,56448,0.8296327590942383,49
VQC,8.0,2,10,0.6582096696984203,0.3969594594594595,0.6436628981501524,6272,62720,0.8477363586425781,49
VQC,8.0,2,11,0.6146481570129249,0.4111192392099488,0.6497138924502017,6272,68992,0.8190381526947021,49
VQC,8.0,2,12,0.6404978458592628,0.4119028974158183,0.6526290814032868,6272,75264,0.892174482345581,49
VQC,8.0,2,13,0.6558161799904261,0.41401792991035047,0.6557898621910676,6272,81536,0.8847970962524414,49
VQC,8.0,2,14,0.6792723791287697,0.4163763066202091,0.6556816352808627,6272,87808,0.7303335666656494,49
VQC,8.0,2,15,0.6395404499760651,0.40380047505938244,0.6552515026890224,6272,94080,0.8203587532043457,49
VQC,8.0,2,16,0.6314025849688847,0.4040247678018576,0.6566875905359728,6272,100352,0.8041102886199951,49
VQC,8.0,2,17,0.6203925323121111,0.4024114544084401,0.6574465664318975,6272,106624,0.8241302967071533,49
VQC,8.0,2,18,0.6606031594064146,0.4066945606694561,0.6518284797726679,6272,112896,0.8861520290374756,49
VQC,8.0,2,19,0.6275730014360938,0.40610687022900765,0.6541844963563606,6272,119168,0.8487422466278076,49
VQC,8.0,2,20,0.688367640019148,0.4192685102586976,0.6584386464421097,6272,125440,0.8456921577453613,49
VQC,8.0,2,21,0.6548587841072283,0.4095004095004095,0.6544106628481994,6272,131712,0.8309338092803955,49
VQC,8.0,2,22,0.6960268070847295,0.41796516956920254,0.655780149519639,6272,137984,0.8508429527282715,49
VQC,8.0,2,23,0.6290090952608903,0.41064638783269963,0.6640275950870533,6272,144256,0.8489425182342529,49
VQC,8.0,2,24,0.6811871708951651,0.41986062717770034,0.6603048668809005,6272,150528,0.8492026329040527,49
VQC,8.0,2,25,0.6644327429392054,0.42304526748971194,0.6635877498237844,6272,156800,0.8203270435333252,49
MatchedMLP,8.0,2,1,0.24222115844901868,0.355193482688391,0.5908995043762523,6528,6528,0.02333855628967285,51
MatchedMLP,8.0,2,2,0.3317376735280038,0.3823008849557522,0.7435715990387229,6528,13056,0.02286815643310547,51
MatchedMLP,8.0,2,3,0.430828147438966,0.41914997557401074,0.8199353968597547,6528,19584,0.024765729904174805,51
MatchedMLP,8.0,2,4,0.5639061752034467,0.47733792312105566,0.8425756339599394,6528,26112,0.029107332229614258,51
MatchedMLP,8.0,2,5,0.6304451890856869,0.5138539042821159,0.8509757072212325,6528,32640,0.030936241149902344,51
MatchedMLP,8.0,2,6,0.6888463379607468,0.5498614958448753,0.8548906075692236,6528,39168,0.03158116340637207,51
MatchedMLP,8.0,2,7,0.7146960268070848,0.5687409551374819,0.8560651470498455,6528,45696,0.03027820587158203,51
MatchedMLP,8.0,2,8,0.726663475347056,0.5785977859778598,0.8570724898294455,6528,52224,0.029952049255371094,51
MatchedMLP,8.0,2,9,0.7271421732886548,0.5765230312035661,0.857795390088635,6528,58752,0.029632568359375,51
MatchedMLP,8.0,2,10,0.7371948300622307,0.5837755875663382,0.8580007437131266,6528,65280,0.03152871131896973,51
MatchedMLP,8.0,2,11,0.7338439444710387,0.5794251134644478,0.8583802316610888,6528,71808,0.033351898193359375,51
MatchedMLP,8.0,2,12,0.7367161321206319,0.582701062215478,0.8587638821825205,6528,78336,0.033902883529663086,51
MatchedMLP,8.0,2,13,0.742939205361417,0.5859676175790285,0.8592883664396677,6528,84864,0.033869266510009766,51
MatchedMLP,8.0,2,14,0.7434179033030158,0.5870570107858244,0.8598239508927333,6528,91392,0.03077530860900879,51
MatchedMLP,8.0,2,15,0.7438966012446147,0.5875096376252892,0.8600584425315106,6528,97920,0.029917478561401367,51
MatchedMLP,8.0,2,16,0.7477261847774055,0.5905205905205905,0.8605662764947801,6528,104448,0.02931976318359375,51
MatchedMLP,8.0,2,17,0.7501196744853997,0.5915492957746479,0.861026934625396,6528,110976,0.029113054275512695,51
MatchedMLP,8.0,2,18,0.7529918621349928,0.5943396226415094,0.8610255471009064,6528,117504,0.03000330924987793,51
MatchedMLP,8.0,2,19,0.7501196744853997,0.5940902021772939,0.8615111806723388,6528,124032,0.02935624122619629,51
MatchedMLP,8.0,2,20,0.7505983724269986,0.5932864949258392,0.8617664851784634,6528,130560,0.022830724716186523,51
MatchedMLP,8.0,2,21,0.7515557683101962,0.5942142298670836,0.8618566742703009,6528,137088,0.021808624267578125,51
MatchedMLP,8.0,2,22,0.752513164193394,0.5951448707909162,0.8624921604866326,6528,143616,0.022539615631103516,51
MatchedMLP,8.0,2,23,0.7544279559597894,0.5976470588235294,0.862986119205004,6528,150144,0.02503657341003418,51
MatchedMLP,8.0,2,24,0.7534705600765916,0.5954438334642577,0.863108221360107,6528,156672,0.029227495193481445,51
MatchedMLP,8.0,2,25,0.7515557683101962,0.594847775175644,0.8636465808621522,6528,163200,0.025670289993286133,51
VQC,8.0,3,1,0.5428434657730972,0.3013899049012436,0.49952962919795535,6272,6272,0.8253018856048584,49
VQC,8.0,3,2,0.6065102920057444,0.2751322751322751,0.5130108171409226,6272,12544,0.8117291927337646,49
VQC,8.0,3,3,0.5270464337003351,0.2972972972972973,0.5342524295553817,6272,18816,0.8391757011413574,49
VQC,8.0,3,4,0.6266156055528961,0.30604982206405695,0.5655105812617592,6272,25088,0.8249201774597168,49
VQC,8.0,3,5,0.5921493537577789,0.32701421800947866,0.5917930701476881,6272,31360,0.8524036407470703,49
VQC,8.0,3,6,0.5528961225466731,0.3477653631284916,0.6129583687152078,6272,37632,0.8412463665008545,49
VQC,8.0,3,7,0.5485878410722834,0.3518900343642612,0.6146400483968543,6272,43904,0.8556437492370605,49
VQC,8.0,3,8,0.5753949258018191,0.3595667870036101,0.6249923686153062,6272,50176,0.848992109298706,49
VQC,8.0,3,9,0.5308760172331259,0.391304347826087,0.6399165820276728,6272,56448,0.8644907474517822,49
VQC,8.0,3,10,0.5801819052178075,0.38628411476557034,0.6416010367582987,6272,62720,0.8627808094024658,49
VQC,8.0,3,11,0.5102920057443753,0.38925373134328356,0.631463782835767,6272,68992,0.8813283443450928,49
VQC,8.0,3,12,0.5102920057443753,0.38852361028093246,0.6265658213867475,6272,75264,0.9237575531005859,49
VQC,8.0,3,13,0.5280038295835328,0.3743654822335025,0.625770769854088,6272,81536,0.8821380138397217,49
VQC,8.0,3,14,0.543322163714696,0.38212435233160624,0.6282627638377818,6272,87808,0.832369327545166,49
VQC,8.0,3,15,0.546673049305888,0.3806409417920209,0.6282377883969652,6272,94080,0.888817310333252,49
VQC,8.0,3,16,0.5265677357587363,0.37206349206349204,0.6213903550397664,6272,100352,0.8208169937133789,49
VQC,8.0,3,17,0.5428434657730972,0.3770384866275277,0.6271402565255276,6272,106624,0.8324849605560303,49
VQC,8.0,3,18,0.6026807084729535,0.38152011922503726,0.6266504603806257,6272,112896,0.8906567096710205,49
VQC,8.0,3,19,0.5835327908089996,0.3812233285917496,0.6357623337051899,6272,119168,0.8125944137573242,49
VQC,8.0,3,20,0.6160842508377214,0.3951734539969834,0.644241495862402,6272,125440,0.7908012866973877,49
VQC,8.0,3,21,0.6127333652465294,0.39761727475800446,0.652167035748181,6272,131712,0.8242194652557373,49
VQC,8.0,3,22,0.584968884633796,0.39243167484232655,0.6436129472685193,6272,137984,1.0631320476531982,49
VQC,8.0,3,23,0.6543800861656295,0.4003322259136213,0.6490617559399924,6272,144256,0.852158784866333,49
VQC,8.0,3,24,0.6112972714217328,0.41244573082489144,0.6638486044278682,6272,150528,0.7502915859222412,49
VQC,8.0,3,25,0.6471996170416467,0.4108713029576339,0.6628010234380637,6272,156800,0.8343052864074707,49
MatchedMLP,8.0,3,1,0.22450933460986117,0.28822495606326887,0.26808083162667823,6528,6528,0.034375667572021484,51
MatchedMLP,8.0,3,2,0.22881761608425083,0.33676410045286126,0.4039874678788081,6528,13056,0.03147530555725098,51
MatchedMLP,8.0,3,3,0.3034944949736716,0.37257438551099614,0.639454536372567,6528,19584,0.02258777618408203,51
MatchedMLP,8.0,3,4,0.37386309238870274,0.3966789667896679,0.7903839002758397,6528,26112,0.02286839485168457,51
MatchedMLP,8.0,3,5,0.5026328386787937,0.45113576333861594,0.8323010151129169,6528,32640,0.02224135398864746,51
MatchedMLP,8.0,3,6,0.5974150311153662,0.5026611472501479,0.8458751671967011,6528,39168,0.022064208984375,51
MatchedMLP,8.0,3,7,0.6414552417424605,0.5280403276622558,0.852339643794713,6528,45696,0.021628618240356445,51
MatchedMLP,8.0,3,8,0.6792723791287697,0.5509383378016086,0.8554379859804526,6528,52224,0.02199840545654297,51
MatchedMLP,8.0,3,9,0.6965055050263284,0.5597222222222222,0.8573819077906726,6528,58752,0.031914710998535156,51
MatchedMLP,8.0,3,10,0.7036859741503112,0.5613040396881644,0.8578189780049619,6528,65280,0.033078670501708984,51
MatchedMLP,8.0,3,11,0.7113451412158928,0.5671213208901651,0.8576122368559805,6528,71808,0.024852991104125977,51
MatchedMLP,8.0,3,12,0.7180469123982767,0.5697589481373265,0.8577454392070022,6528,78336,0.030433177947998047,51
MatchedMLP,8.0,3,13,0.7276208712302538,0.5775798069784707,0.8581880595192505,6528,84864,0.0317840576171875,51
MatchedMLP,8.0,3,14,0.7295356629966491,0.5793000744601638,0.8583295870172108,6528,91392,0.029713153839111328,51
MatchedMLP,8.0,3,15,0.7410244135950216,0.5892179195140471,0.8590594248988495,6528,97920,0.029427289962768555,51
MatchedMLP,8.0,3,16,0.7415031115366204,0.5884146341463414,0.8601222686580419,6528,104448,0.031022310256958008,51
MatchedMLP,8.0,3,17,0.739588319770225,0.5872534142640364,0.860322765946819,6528,110976,0.0338435173034668,51
MatchedMLP,8.0,3,18,0.7496409765438009,0.5955143078112916,0.860344272576411,6528,117504,0.02969074249267578,51
MatchedMLP,8.0,3,19,0.752513164193394,0.5982905982905983,0.8608299061478435,6528,124032,0.029766559600830078,51
MatchedMLP,8.0,3,20,0.7510770703685974,0.5962732919254659,0.8616235701560133,6528,130560,0.03239846229553223,51
MatchedMLP,8.0,3,21,0.7510770703685974,0.5950155763239875,0.8625004856335714,6528,137088,0.02561187744140625,51
MatchedMLP,8.0,3,22,0.755385351842987,0.598586017282011,0.8624921604866327,6528,143616,0.030919551849365234,51
MatchedMLP,8.0,3,23,0.7573001436093825,0.5992094861660079,0.8622916631978554,6528,150144,0.028949499130249023,51
MatchedMLP,8.0,3,24,0.7496409765438009,0.5942591155934833,0.8627141644050017,6528,156672,0.030591726303100586,51
MatchedMLP,8.0,3,25,0.7496409765438009,0.5955143078112916,0.8629347807988811,6528,163200,0.03235816955566406,51
VQC,8.0,4,1,0.5150789851603638,0.31322033898305085,0.5239597728899915,6272,6272,0.8433613777160645,49
VQC,8.0,4,2,0.6160842508377214,0.2877442273534636,0.5477780182820227,6272,12544,0.8328206539154053,49
VQC,8.0,4,3,0.5758736237434179,0.30236220472440944,0.5743102615761168,6272,18816,0.8522019386291504,49
VQC,8.0,4,4,0.6328386787936812,0.28116213683223995,0.5830419531904738,6272,25088,0.7973575592041016,49
VQC,8.0,4,5,0.6031594064145525,0.3108894430590191,0.5939243077640322,6272,31360,0.8483936786651611,49
VQC,8.0,4,6,0.6055528961225467,0.3063973063973064,0.5928656265783091,6272,37632,0.8506505489349365,49
VQC,8.0,4,7,0.5753949258018191,0.3075722092115535,0.5835039988455796,6272,43904,0.8466863632202148,49
VQC,8.0,4,8,0.5662996649114409,0.3083969465648855,0.5791998978781975,6272,50176,0.8046908378601074,49
VQC,8.0,4,9,0.5667783628530397,0.30863254392666156,0.5763568601985825,6272,56448,0.8486466407775879,49
VQC,8.0,4,10,0.5485878410722834,0.3151779230210603,0.5798076336047331,6272,62720,0.7956802845001221,49
VQC,8.0,4,11,0.5366203925323121,0.3287101248266297,0.5730101511291674,6272,68992,0.8850488662719727,49
VQC,8.0,4,12,0.6017233125897559,0.30782029950083195,0.5773045394251208,6272,75264,0.8303642272949219,49
VQC,8.0,4,13,0.5528961225466731,0.32611832611832614,0.5827491855231245,6272,81536,0.8937060832977295,49
VQC,8.0,4,14,0.6247008137865007,0.36363636363636365,0.6045249948661594,6272,87808,0.8070974349975586,49
VQC,8.0,4,15,0.6409765438008617,0.36548223350253806,0.6165090438846246,6272,94080,0.9790487289428711,49
VQC,8.0,4,16,0.6874102441359502,0.3641674780915287,0.6331315872725154,6272,100352,0.9648373126983643,49
VQC,8.0,4,17,0.649593106749641,0.39,0.6387441238337856,6272,106624,0.8109233379364014,49
VQC,8.0,4,18,0.66251795117281,0.38748913987836664,0.6426153171603479,6272,112896,0.8298816680908203,49
VQC,8.0,4,19,0.6428913355672571,0.3934959349593496,0.6437669624868879,6272,119168,0.8877649307250977,49
VQC,8.0,4,20,0.6649114408808042,0.3934142114384749,0.6434145312664767,6272,125440,0.8219761848449707,49
VQC,8.0,4,21,0.6074676878889421,0.3889716840536513,0.6405645559644128,6272,131712,0.8830165863037109,49
VQC,8.0,4,22,0.6558161799904261,0.3859948761742101,0.6326057154908784,6272,137984,0.8500680923461914,49
VQC,8.0,4,23,0.572522738152226,0.38200692041522494,0.6295101483541184,6272,144256,0.873164176940918,49
VQC,8.0,4,24,0.6323599808520823,0.3904761904761905,0.6309351360051505,6272,150528,0.821138858795166,49
VQC,8.0,4,25,0.5964576352321685,0.3860160233066278,0.6305369164765758,6272,156800,0.8259994983673096,49
MatchedMLP,8.0,4,1,0.7070368597415031,0.41825095057034223,0.717715080171165,6528,6528,0.02375650405883789,51
MatchedMLP,8.0,4,2,0.7065581617999043,0.48270042194092827,0.7634076491450074,6528,13056,0.02245306968688965,51
MatchedMLP,8.0,4,3,0.7046433700335089,0.5137903861308116,0.7986285707942745,6528,19584,0.02212834358215332,51
MatchedMLP,8.0,4,4,0.7247486835806606,0.5454545454545454,0.817205442426059,6528,26112,0.027180194854736328,51
MatchedMLP,8.0,4,5,0.7257060794638583,0.5561580170410535,0.8341006343761967,6528,32640,0.03135180473327637,51
MatchedMLP,8.0,4,6,0.7257060794638583,0.5649202733485194,0.8442573136415857,6528,39168,0.03237795829772949,51
MatchedMLP,8.0,4,7,0.7324078506462423,0.5749049429657794,0.8522855303396105,6528,45696,0.02895522117614746,51
MatchedMLP,8.0,4,8,0.7343226424126377,0.5798637395912187,0.8574582216376119,6528,52224,0.030113935470581055,51
MatchedMLP,8.0,4,9,0.7343226424126377,0.5836459114778695,0.8601167185600826,6528,58752,0.021927595138549805,51
MatchedMLP,8.0,4,10,0.7309717568214457,0.5793413173652695,0.862265993994794,6528,65280,0.025086641311645508,51
MatchedMLP,8.0,4,11,0.7352800382958353,0.5857677902621723,0.8647982261886922,6528,71808,0.034317970275878906,51
MatchedMLP,8.0,4,12,0.7376735280038296,0.5885885885885885,0.8649147782458361,6528,78336,0.03278779983520508,51
MatchedMLP,8.0,4,13,0.739588319770225,0.5903614457831325,0.8646719614601198,6528,84864,0.03179645538330078,51
MatchedMLP,8.0,4,14,0.7381522259454284,0.5890308039068369,0.8645998101866499,6528,91392,0.025969505310058594,51
MatchedMLP,8.0,4,15,0.7400670177118238,0.5895691609977324,0.8643014924213414,6528,97920,0.030920028686523438,51
MatchedMLP,8.0,4,16,0.7381522259454284,0.5884123401053424,0.8651575950315523,6528,104448,0.029857635498046875,51
MatchedMLP,8.0,4,17,0.7424605074198181,0.5911854103343465,0.8642765169805248,6528,110976,0.024840593338012695,51
MatchedMLP,8.0,4,18,0.7438966012446147,0.5925361766945926,0.864555409402976,6528,117504,0.025023937225341797,51
MatchedMLP,8.0,4,19,0.7472474868358066,0.5944700460829493,0.8646317232499153,6528,124032,0.023315906524658203,51
MatchedMLP,8.0,4,20,0.7462900909526089,0.5929339477726574,0.8650410429744084,6528,130560,0.025494098663330078,51
MatchedMLP,8.0,4,21,0.7501196744853997,0.5972222222222222,0.8659165709274769,6528,137088,0.021973133087158203,51
MatchedMLP,8.0,4,22,0.7505983724269986,0.597061098221191,0.8666103331723805,6528,143616,0.0218355655670166,51
MatchedMLP,8.0,4,23,0.7496409765438009,0.5967617579028527,0.8667213351315652,6528,150144,0.02896738052368164,51
MatchedMLP,8.0,4,24,0.7505983724269986,0.597061098221191,0.8664022044989094,6528,156672,0.02160024642944336,51
MatchedMLP,8.0,4,25,0.7477261847774055,0.593050193050193,0.8667879363070758,6528,163200,0.022198200225830078,51
FullFeatureMLP,,0,1,0.5945428434657731,0.42808912896691426,0.6930615450362698,26752,26752,0.040255069732666016,209
FullFeatureMLP,,0,2,0.6529439923408329,0.5289148797920727,0.8372308896252019,26752,53504,0.03113102912902832,209
FullFeatureMLP,,0,3,0.6706558161799904,0.540720961281709,0.8514113899110319,26752,80256,0.032678842544555664,209
FullFeatureMLP,,0,4,0.6859741503111536,0.5482093663911846,0.8553464093641252,26752,107008,0.02236199378967285,209
FullFeatureMLP,,0,5,0.6993776926759215,0.5558698727015559,0.8575650610233271,26752,133760,0.024971485137939453,209
FullFeatureMLP,,0,6,0.713738630923887,0.5647743813682679,0.8589456478906853,26752,160512,0.03241395950317383,209
FullFeatureMLP,,0,7,0.7247486835806606,0.5750184774575019,0.8602499209111041,26752,187264,0.03008890151977539,209
FullFeatureMLP,,0,8,0.7247486835806606,0.5737583395107487,0.8613252523907047,26752,214016,0.024692058563232422,209
FullFeatureMLP,,0,9,0.7304930588798468,0.5763732129420617,0.8620065269152002,26752,240768,0.02838134765625,209
FullFeatureMLP,,0,10,0.7324078506462423,0.5781132075471698,0.8624588598988773,26752,267520,0.027225017547607422,209
FullFeatureMLP,,0,11,0.7357587362374342,0.5818181818181818,0.8629972194009223,26752,294272,0.02693939208984375,209
FullFeatureMLP,,0,12,0.7386309238870273,0.5844748858447488,0.8632899870682718,26752,321024,0.02656269073486328,209
FullFeatureMLP,,0,13,0.7348013403542365,0.581570996978852,0.864699711949916,26752,347776,0.0274198055267334,209
FullFeatureMLP,,0,14,0.7343226424126377,0.5811320754716981,0.8656779167152301,26752,374528,0.027559757232666016,209
FullFeatureMLP,,0,15,0.7424605074198181,0.5886850152905199,0.8658055689682923,26752,401280,0.02718639373779297,209
FullFeatureMLP,,0,16,0.7443752991862135,0.5879629629629629,0.8668961632172807,26752,428032,0.028267860412597656,209
FullFeatureMLP,,0,17,0.7438966012446147,0.588144726712856,0.8676523640642257,26752,454784,0.029519319534301758,209
FullFeatureMLP,,0,18,0.7415031115366204,0.5877862595419847,0.8679270939132077,26752,481536,0.029453754425048828,209
FullFeatureMLP,,0,19,0.7472474868358066,0.5900621118012422,0.868600043290764,26752,508288,0.029203176498413086,209
FullFeatureMLP,,0,20,0.7482048827190043,0.5922480620155038,0.8686180811091315,26752,535040,0.029739856719970703,209
FullFeatureMLP,,0,21,0.7467687888942077,0.5915057915057915,0.8687429583132142,26752,561792,0.0314180850982666,209
FullFeatureMLP,,0,22,0.7438966012446147,0.5894090560245587,0.869234141982606,26752,588544,0.03066849708557129,209
FullFeatureMLP,,0,23,0.7438966012446147,0.5900383141762452,0.8691037146805642,26752,615296,0.029955625534057617,209
FullFeatureMLP,,0,24,0.7405457156534226,0.5912518853695324,0.8699070913601626,26752,642048,0.032353878021240234,209
FullFeatureMLP,,0,25,0.742939205361417,0.591012947448591,0.8703996625540441,26752,668800,0.03165578842163086,209
FullFeatureMLP,,1,1,0.7352800382958353,0.5614591593973037,0.825518795406739,26752,26752,0.03143930435180664,209
FullFeatureMLP,,1,2,0.7228338918142652,0.5616956850870553,0.8444376918252606,26752,53504,0.03294873237609863,209
FullFeatureMLP,,1,3,0.7257060794638583,0.5681989449886963,0.8528641280518601,26752,80256,0.03254103660583496,209
FullFeatureMLP,,1,4,0.7228338918142652,0.5695167286245353,0.8578481160192477,26752,107008,0.03197646141052246,209
FullFeatureMLP,,1,5,0.7319291527046433,0.575113808801214,0.8598211758437536,26752,133760,0.03541088104248047,209
FullFeatureMLP,,1,6,0.736237434179033,0.5771297006907138,0.8611976001376425,26752,160512,0.03496098518371582,209
FullFeatureMLP,,1,7,0.7376735280038296,0.5758513931888545,0.8623395327927538,26752,187264,0.029878854751586914,209
FullFeatureMLP,,1,8,0.7357587362374342,0.5805471124620061,0.8634842404968449,26752,214016,0.03349614143371582,209
FullFeatureMLP,,1,9,0.736237434179033,0.5809885931558936,0.8640600631601147,26752,240768,0.02931952476501465,209
FullFeatureMLP,,1,10,0.7419818094782192,0.5831399845320959,0.8645137836682817,26752,267520,0.031987905502319336,209
FullFeatureMLP,,1,11,0.739588319770225,0.5828220858895705,0.8653365856907375,26752,294272,0.03370070457458496,209
FullFeatureMLP,,1,12,0.7410244135950216,0.5835257890685143,0.8657098297784956,26752,321024,0.02843165397644043,209
FullFeatureMLP,,1,13,0.7400670177118238,0.585812356979405,0.8661815881050299,26752,347776,0.024635791778564453,209
FullFeatureMLP,,1,14,0.739588319770225,0.5840978593272171,0.8663508660927866,26752,374528,0.024586915969848633,209
FullFeatureMLP,,1,15,0.7410244135950216,0.5854406130268199,0.8671140045621805,26752,401280,0.023326396942138672,209
FullFeatureMLP,,1,16,0.7391096218286262,0.584920030464585,0.8677647535479002,26752,428032,0.023931264877319336,209
FullFeatureMLP,,1,17,0.739588319770225,0.5853658536585366,0.8683308635397413,26752,454784,0.022460460662841797,209
FullFeatureMLP,,1,18,0.7400670177118238,0.5870722433460076,0.8692882554377084,26752,481536,0.023982763290405273,209
FullFeatureMLP,,1,19,0.7405457156534226,0.586890243902439,0.8693826071030153,26752,508288,0.027623414993286133,209
FullFeatureMLP,,1,20,0.7410244135950216,0.5873379099923722,0.8705953035071067,26752,535040,0.04632067680358887,209
FullFeatureMLP,,1,21,0.7458113930110101,0.5918524212144505,0.8711739012193565,26752,561792,0.04733681678771973,209
FullFeatureMLP,,1,22,0.7477261847774055,0.591155934833204,0.8713799486060928,26752,588544,0.03478813171386719,209
FullFeatureMLP,,1,23,0.742939205361417,0.5903890160183066,0.8721687562785484,26752,615296,0.02969813346862793,209
FullFeatureMLP,,1,24,0.742939205361417,0.5903890160183066,0.8725322876948778,26752,642048,0.038083791732788086,209
FullFeatureMLP,,1,25,0.7405457156534226,0.5906344410876133,0.8729915583010038,26752,668800,0.031766414642333984,209
FullFeatureMLP,,2,1,0.6323599808520823,0.5145385587863464,0.8604039361294729,26752,26752,0.02436971664428711,209
FullFeatureMLP,,2,2,0.7065581617999043,0.5618298784846318,0.8625226860254084,26752,53504,0.025117874145507812,209
FullFeatureMLP,,2,3,0.726663475347056,0.5754646840148699,0.8616929463805036,26752,80256,0.02973341941833496,209
FullFeatureMLP,,2,4,0.7348013403542365,0.5803030303030303,0.8622396310294876,26752,107008,0.03174424171447754,209
FullFeatureMLP,,2,5,0.7338439444710387,0.5794251134644478,0.8630776958213313,26752,133760,0.026661157608032227,209
FullFeatureMLP,,2,6,0.7410244135950216,0.5835257890685143,0.8633982139784767,26752,160512,0.03360462188720703,209
FullFeatureMLP,,2,7,0.7410244135950216,0.5828835774865073,0.8639899931733794,26752,187264,0.031445980072021484,209
FullFeatureMLP,,2,8,0.7434179033030158,0.5825545171339563,0.8637242822335814,26752,214016,0.03163003921508789,209
FullFeatureMLP,,2,9,0.7438966012446147,0.583008573655495,0.8645026834723633,26752,240768,0.02867436408996582,209
FullFeatureMLP,,2,10,0.749162278602202,0.5821371610845295,0.8647330125376712,26752,267520,0.02382183074951172,209
FullFeatureMLP,,2,11,0.7415031115366204,0.5813953488372093,0.8650216176315513,26752,294272,0.026210546493530273,209
FullFeatureMLP,,2,12,0.7424605074198181,0.5816485225505443,0.8661135994050295,26752,321024,0.030811071395874023,209
FullFeatureMLP,,2,13,0.7424605074198181,0.5829457364341085,0.8661233120764581,26752,347776,0.02419281005859375,209
FullFeatureMLP,,2,14,0.7415031115366204,0.5839753466872111,0.8669946774560572,26752,374528,0.02355360984802246,209
FullFeatureMLP,,2,15,0.7424605074198181,0.5874233128834356,0.8677827913662677,26752,401280,0.025495529174804688,209
FullFeatureMLP,,2,16,0.7438966012446147,0.588144726712856,0.8683489013581089,26752,428032,0.0294187068939209,209
FullFeatureMLP,,2,17,0.7477261847774055,0.5886026541764247,0.8674470104397342,26752,454784,0.022669553756713867,209
FullFeatureMLP,,2,18,0.7477261847774055,0.5879593432369038,0.8680061828091266,26752,481536,0.022296428680419922,209
FullFeatureMLP,,2,19,0.7419818094782192,0.5882352941176471,0.8692022289193404,26752,508288,0.023392438888549805,209
FullFeatureMLP,,2,20,0.742939205361417,0.5891354246365723,0.8696059985458744,26752,535040,0.02631688117980957,209
FullFeatureMLP,,2,21,0.7434179033030158,0.5895865237366003,0.869868240674448,26752,561792,0.022649765014648438,209
FullFeatureMLP,,2,22,0.742939205361417,0.5891354246365723,0.8706320729060868,26752,588544,0.025108814239501953,209
FullFeatureMLP,,2,23,0.7448539971278123,0.5877803557617943,0.8709407971050689,26752,615296,0.0217740535736084,209
FullFeatureMLP,,2,24,0.7443752991862135,0.5904907975460123,0.8717143420081364,26752,642048,0.022243499755859375,209
FullFeatureMLP,,2,25,0.742939205361417,0.5897631779984721,0.8724032479173259,26752,668800,0.026572227478027344,209
FullFeatureMLP,,3,1,0.2809956917185256,0.3640982218458933,0.7508436148898028,26752,26752,0.027416467666625977,209
FullFeatureMLP,,3,2,0.475825753949258,0.43410852713178294,0.8397076208395078,26752,53504,0.023527145385742188,209
FullFeatureMLP,,3,3,0.6553374820488271,0.5275590551181102,0.8514557906947058,26752,80256,0.021913528442382812,209
FullFeatureMLP,,3,4,0.6874102441359502,0.5449477351916376,0.8545902085171804,26752,107008,0.024162769317626953,209
FullFeatureMLP,,3,5,0.7032072762087123,0.5565092989985694,0.8560651470498455,26752,133760,0.02812337875366211,209
FullFeatureMLP,,3,6,0.7075155576831019,0.5588447653429602,0.8571488036763848,26752,160512,0.028417587280273438,209
FullFeatureMLP,,3,7,0.7151747247486836,0.5621780721118469,0.8580062938110857,26752,187264,0.02713942527770996,209
FullFeatureMLP,,3,8,0.7199617041646721,0.5644080416976918,0.8584392014519056,26752,214016,0.02476644515991211,209
FullFeatureMLP,,3,9,0.7252273815222594,0.5690690690690691,0.8588637839457867,26752,240768,0.02224874496459961,209
FullFeatureMLP,,3,10,0.7280995691718526,0.5716440422322775,0.8598600265294682,26752,267520,0.022211313247680664,209
FullFeatureMLP,,3,11,0.7276208712302538,0.5712132629992465,0.8607591423988634,26752,294272,0.021717309951782227,209
FullFeatureMLP,,3,12,0.7333652465294399,0.577710386656558,0.8611781747947851,26752,321024,0.02864384651184082,209
FullFeatureMLP,,3,13,0.7352800382958353,0.5788271134805788,0.8617692602274429,26752,347776,0.029508352279663086,209
FullFeatureMLP,,3,14,0.730014360938248,0.5740181268882175,0.8624949355356123,26752,374528,0.029224157333374023,209
FullFeatureMLP,,3,15,0.7338439444710387,0.5762195121951219,0.8626808638172464,26752,401280,0.030323266983032227,209
FullFeatureMLP,,3,16,0.7333652465294399,0.577710386656558,0.8631137714580661,26752,428032,0.029605627059936523,209
FullFeatureMLP,,3,17,0.7304930588798468,0.5763732129420617,0.8639448986274607,26752,454784,0.026407718658447266,209
FullFeatureMLP,,3,18,0.7386309238870273,0.5825688073394495,0.8641197267131764,26752,481536,0.029029369354248047,209
FullFeatureMLP,,3,19,0.7381522259454284,0.5827612509534706,0.8646150729560377,26752,508288,0.028388023376464844,209
FullFeatureMLP,,3,20,0.7371948300622307,0.5825095057034221,0.8651409447376747,26752,535040,0.026275634765625,209
FullFeatureMLP,,3,21,0.736237434179033,0.5816249050873197,0.8653879240968603,26752,561792,0.023349285125732422,209
FullFeatureMLP,,3,22,0.7400670177118238,0.5851795263559969,0.8657694933315573,26752,588544,0.02818775177001953,209
FullFeatureMLP,,3,23,0.7405457156534226,0.5824345146379045,0.8654850508111469,26752,615296,0.028781652450561523,209
FullFeatureMLP,,3,24,0.736237434179033,0.5828917486752461,0.8663605787642152,26752,642048,0.03084397315979004,209
FullFeatureMLP,,3,25,0.7357587362374342,0.583710407239819,0.8672888326478962,26752,668800,0.03083181381225586,209
FullFeatureMLP,,4,1,0.3379607467687889,0.3850600266785238,0.7025327872036942,26752,26752,0.02600693702697754,209
FullFeatureMLP,,4,2,0.5366203925323121,0.4640088593576966,0.8269340703863424,26752,53504,0.02322983741760254,209
FullFeatureMLP,,4,3,0.6342747726184778,0.51213282247765,0.8454408720313915,26752,80256,0.02525782585144043,209
FullFeatureMLP,,4,4,0.6854954523695548,0.5446985446985447,0.849345365945709,26752,107008,0.022631168365478516,209
FullFeatureMLP,,4,5,0.7060794638583054,0.5601719197707736,0.8524228952641015,26752,133760,0.02194690704345703,209
FullFeatureMLP,,4,6,0.7161321206318813,0.5680990531682447,0.8539436221049301,26752,160512,0.02256298065185547,209
FullFeatureMLP,,4,7,0.7247486835806606,0.5737583395107487,0.8554671239947385,26752,187264,0.0265958309173584,209
FullFeatureMLP,,4,8,0.7228338918142652,0.5707931801334322,0.8569823007376081,26752,214016,0.027863025665283203,209
FullFeatureMLP,,4,9,0.7257060794638583,0.572068707991038,0.8576552501151645,26752,240768,0.023871183395385742,209
FullFeatureMLP,,4,10,0.7285782671134514,0.5740045078888054,0.8584156135355788,26752,267520,0.024090290069580078,209
FullFeatureMLP,,4,11,0.7333652465294399,0.577710386656558,0.8594784572947712,26752,294272,0.02573370933532715,209
FullFeatureMLP,,4,12,0.7348013403542365,0.581570996978852,0.8599807411600815,26752,321024,0.02189040184020996,209
FullFeatureMLP,,4,13,0.7338439444710387,0.5806938159879337,0.860746654678455,26752,347776,0.0256805419921875,209
FullFeatureMLP,,4,14,0.7357587362374342,0.5824508320726173,0.8615084056233593,26752,374528,0.030053377151489258,209
FullFeatureMLP,,4,15,0.736237434179033,0.5828917486752461,0.8620134645376492,26752,401280,0.02947258949279785,209
FullFeatureMLP,,4,16,0.7348013403542365,0.5803030303030303,0.8630527203805146,26752,428032,0.026905298233032227,209
FullFeatureMLP,,4,17,0.7381522259454284,0.5840304182509506,0.8635522291968453,26752,454784,0.028777122497558594,209
FullFeatureMLP,,4,18,0.7328865485878411,0.5798192771084337,0.8642973298478717,26752,481536,0.02803492546081543,209
FullFeatureMLP,,4,19,0.739588319770225,0.5853658536585366,0.8645290464376696,26752,508288,0.028079748153686523,209
FullFeatureMLP,,4,20,0.7415031115366204,0.5871559633027523,0.8647552129295082,26752,535040,0.027923107147216797,209
FullFeatureMLP,,4,21,0.7424605074198181,0.5880551301684533,0.8657126048274753,26752,561792,0.029870271682739258,209
FullFeatureMLP,,4,22,0.7415031115366204,0.5871559633027523,0.8665645448642169,26752,588544,0.029895782470703125,209
FullFeatureMLP,,4,23,0.7386309238870273,0.5851063829787234,0.8674664357825915,26752,615296,0.026455163955688477,209
FullFeatureMLP,,4,24,0.7381522259454284,0.5846621108580107,0.8677050899948385,26752,642048,0.027405261993408203,209
FullFeatureMLP,,4,25,0.7381522259454284,0.5852918877937832,0.8684654534152527,26752,668800,0.02616715431213379,209
