model,lr,seed,auc,acc
VQC_L2_Q8,0.01,0,0.5293627932533009,0.5538535184298707
VQC_L2_Q8,0.01,1,0.5126001098919396,0.5313547151747248
VQC_L2_Q8,0.01,2,0.5473340104452844,0.5557683101962662
VQC_L2_Q8,0.01,3,0.5388021223574596,0.5998085208233604
VQC_L2_Q8,0.01,4,0.5734860720291712,0.5940641455241742
VQC_L2_Q8,0.03,0,0.6144305321988933,0.5059837242699856
VQC_L2_Q8,0.03,1,0.5683161557801495,0.5375777884155098
VQC_L2_Q8,0.03,2,0.6172069687029976,0.5983724269985639
VQC_L2_Q8,0.03,3,0.6323531860337335,0.5682144566778363
VQC_L2_Q8,0.03,4,0.5908356782497212,0.5452369554810914
VQC_L2_Q8,0.1,0,0.6432591285236184,0.5193872666347534
VQC_L2_Q8,0.1,1,0.6601688894808992,0.6390617520344662
VQC_L2_Q8,0.1,2,0.6635877498237844,0.6644327429392054
VQC_L2_Q8,0.1,3,0.6628010234380637,0.6471996170416467
VQC_L2_Q8,0.1,4,0.6305369164765758,0.5964576352321685
VQC_L2_Q8,0.3,0,0.646068865615478,0.6471996170416467
VQC_L2_Q8,0.3,1,0.6627649478013287,0.7223551938726663
VQC_L2_Q8,0.3,2,0.6668331696054435,0.7190043082814744
VQC_L2_Q8,0.3,3,0.653908378982889,0.7328865485878411
VQC_L2_Q8,0.3,4,0.6561089928237234,0.6835806606031594
MatchedMLP_Q8,0.003,0,0.8531596707681891,0.7204404021062709
MatchedMLP_Q8,0.003,1,0.8507217902395978,0.7142173288654858
MatchedMLP_Q8,0.003,2,0.8572792309784268,0.7161321206318813
MatchedMLP_Q8,0.003,3,0.8543376790600353,0.6658688367640019
MatchedMLP_Q8,0.003,4,0.8534482758620691,0.7280995691718526
MatchedMLP_Q8,0.01,0,0.8635244787070492,0.7482048827190043
MatchedMLP_Q8,0.01,1,0.8609228702886607,0.7352800382958353
MatchedMLP_Q8,0.01,2,0.8636465808621522,0.7515557683101962
MatchedMLP_Q8,0.01,3,0.8629347807988811,0.7496409765438009
MatchedMLP_Q8,0.01,4,0.8667879363070758,0.7477261847774055
MatchedMLP_Q8,0.03,0,0.868464065890763,0.7501196744853997
MatchedMLP_Q8,0.03,1,0.8665465070458492,0.7391096218286262
MatchedMLP_Q8,0.03,2,0.8695560476642412,0.7482048827190043
MatchedMLP_Q8,0.03,3,0.8651201318703274,0.7391096218286262
MatchedMLP_Q8,0.03,4,0.8679381941091261,0.7391096218286262
MatchedMLP_Q8,0.1,0,0.8693368187948518,0.7592149353757779
MatchedMLP_Q8,0.1,1,0.8683003380009658,0.7285782671134514
MatchedMLP_Q8,0.1,2,0.8718870888071174,0.7486835806606031
MatchedMLP_Q8,0.1,3,0.8640142748519513,0.7161321206318813
MatchedMLP_Q8,0.1,4,0.8720147410601797,0.7328865485878411
MatchedMLP_Q8,0.3,0,0.8545888209926904,0.7601723312589755
MatchedMLP_Q8,0.3,1,0.8609062199947829,0.7338439444710387
MatchedMLP_Q8,0.3,2,0.8695047092581183,0.7577788415509813
MatchedMLP_Q8,0.3,3,0.8658471947029864,0.6874102441359502
MatchedMLP_Q8,0.3,4,0.8709935230356816,0.7424605074198181
