qubits,hidden,params,seed,auc
4,3,19,0,0.8503582588232682
4,3,19,1,0.8498074116008149
4,3,19,2,0.8507342779600061
4,3,19,3,0.8507675785477613
4,3,19,4,0.8522508422273654
4,4,25,0,0.849337734561015
4,4,25,1,0.8503540962497989
4,4,25,2,0.8497935363559167
4,4,25,3,0.8502541944865327
4,4,25,4,0.8522064414436914
4,5,31,0,0.849942001476326
4,5,31,1,0.849359241190607
4,5,31,2,0.8517554959845042
4,5,31,3,0.8471905404130383
4,5,31,4,0.8510631212640903
6,4,33,0,0.8653504609356355
6,4,33,1,0.8659332212213546
6,4,33,2,0.8665298567519715
6,4,33,3,0.8660664235723761
6,4,33,4,0.8660220227887022
6,5,41,0,0.8666006205009518
6,5,41,1,0.8659346087458443
6,5,41,2,0.8689066862030115
6,5,41,3,0.8654226122091054
6,5,41,4,0.8672347191927936
8,4,41,0,0.8650410429744085
8,4,41,1,0.8608174184274352
8,4,41,2,0.8632747242988837
8,4,41,3,0.8630679831499026
8,4,41,4,0.8635841422601109
8,5,51,0,0.8635244787070492
8,5,51,1,0.8609228702886607
8,5,51,2,0.8636465808621522
8,5,51,3,0.8629347807988811
8,5,51,4,0.8667879363070758
8,6,61,0,0.8675940880356539
8,6,61,1,0.8629236806029628
8,6,61,2,0.8635813672111313
8,6,61,3,0.8650119049601225
8,6,61,4,0.8661940758254383
