station,n_train,pos_rate_train,pos_rate_test,label_jsd_bits,feat_mean_dist
Aotizhongxin,1225,0.11918367346938775,0.2247191011235955,4.485690236750734e-05,0.37761141406272547
Changping,1245,0.09236947791164658,0.15168539325842698,0.0009230995545670929,0.46357400423017076
Dingling,1201,0.08576186511240633,0.14035087719298245,0.0016172582976465323,1.1155679499563476
Dongsi,1121,0.12488849241748438,0.25,0.00019875666425779722,0.35079660519023165
Guanyuan,1221,0.1162981162981163,0.2215909090909091,8.384514614156254e-06,0.32290975671303385
Gucheng,1223,0.11774325429272281,0.22857142857142856,2.3085566291694906e-05,0.6841973630109356
Huairou,1239,0.09523809523809523,0.15428571428571428,0.0006869361913479097,0.8120787555324269
Nongzhanguan,1244,0.1342443729903537,0.23163841807909605,0.0006720855627790831,0.4644225049988125
Shunyi,1206,0.12106135986733002,0.23225806451612904,8.372303099074899e-05,0.4464556426088489
Tiantan,1225,0.11918367346938775,0.2247191011235955,4.485690236750734e-05,0.2876220234086836
Wanliu,1187,0.12299915754001685,0.19662921348314608,0.00013604330155349937,0.7002124156569767
Wanshouxigong,1244,0.12138263665594855,0.25,9.154654104624217e-05,0.28067003325564366
