model,scheme,seed,auc,acc,bytes_per_round
FullMLP,fp32,0,0.9990044798407167,0.9871382636655949,2594592
FullMLP,fp32,1,0.998781524805044,0.9807073954983923,2594592
FullMLP,fp32,2,0.9988281898125104,0.9790996784565916,2594592
FullMLP,fp32,3,0.9989733698357391,0.9742765273311897,2594592
FullMLP,fp32,4,0.9989526298324207,0.9871382636655949,2594592
FullMLP,int8,0,0.9989941098390576,0.9871382636655949,649800
FullMLP,int8,1,0.998755599800896,0.9823151125401929,649800
FullMLP,int8,2,0.9988696698191472,0.9790996784565916,649800
FullMLP,int8,3,0.998911149825784,0.9726688102893891,649800
FullMLP,int8,4,0.9989215198274431,0.9871382636655949,649800
FullMLP,int4,0,0.9990200348432056,0.9871382636655949,325512
FullMLP,int4,1,0.9988748548199768,0.9807073954983923,325512
FullMLP,int4,2,0.998859299817488,0.9807073954983923,325512
FullMLP,int4,3,0.9990044798407168,0.9742765273311897,325512
FullMLP,int4,4,0.9989526298324207,0.9871382636655949,325512
MatchedMLP_Q8,fp32,0,0.9810954869752779,0.9228295819935691,14688
MatchedMLP_Q8,fp32,1,0.9815828770532603,0.9196141479099679,14688
MatchedMLP_Q8,fp32,2,0.9838124274099883,0.9292604501607717,14688
MatchedMLP_Q8,fp32,3,0.9813443670150988,0.9340836012861736,14688
MatchedMLP_Q8,fp32,4,0.9836568773851004,0.9292604501607717,14688
MatchedMLP_Q8,int8,0,0.9811369669819148,0.9228295819935691,4824
MatchedMLP_Q8,int8,1,0.9815828770532604,0.9196141479099679,4824
MatchedMLP_Q8,int8,2,0.9838124274099883,0.9292604501607717,4824
MatchedMLP_Q8,int8,3,0.9813858470217355,0.9340836012861736,4824
MatchedMLP_Q8,int8,4,0.9836568773851004,0.9292604501607717,4824
MatchedMLP_Q8,int4,0,0.9812406669985068,0.9228295819935691,3096
MatchedMLP_Q8,int4,1,0.9816554670648747,0.9196141479099679,3096
MatchedMLP_Q8,int4,2,0.9840405674464907,0.9292604501607717,3096
MatchedMLP_Q8,int4,3,0.9813132570101211,0.9340836012861736,3096
MatchedMLP_Q8,int4,4,0.9836465073834411,0.927652733118971,3096
VQC_L4_Q8,fp32,0,0.8061535589845694,0.7347266881028939,27936
VQC_L4_Q8,fp32,1,0.809285299485648,0.7170418006430869,27936
VQC_L4_Q8,fp32,2,0.7973183175709309,0.7138263665594855,27936
VQC_L4_Q8,fp32,3,0.8038410486145677,0.7009646302250804,27936
VQC_L4_Q8,fp32,4,0.8058735689397711,0.7170418006430869,27936
VQC_L4_Q8,int8,0,0.805925418948067,0.7347266881028939,7560
VQC_L4_Q8,int8,1,0.808258669321387,0.7122186495176849,7560
VQC_L4_Q8,int8,2,0.7973805375808859,0.7154340836012861,7560
VQC_L4_Q8,int8,3,0.804629168740667,0.702572347266881,7560
VQC_L4_Q8,int8,4,0.8048158287705327,0.7186495176848875,7560
VQC_L4_Q8,int4,0,0.8061535589845694,0.729903536977492,4104
VQC_L4_Q8,int4,1,0.8121992699518831,0.7202572347266881,4104
VQC_L4_Q8,int4,2,0.7978368176538908,0.7154340836012861,4104
VQC_L4_Q8,int4,3,0.8049817487970798,0.6977491961414791,4104
VQC_L4_Q8,int4,4,0.8071698191471712,0.7154340836012861,4104
