model,qubits,seed,auc,acc,f1,params,bytes
VQC_L3,8,0,0.7942902770864444,0.7218649517684887,0.71499176276771,73,21024
VQC_L3,8,1,0.8020988883358222,0.7234726688102894,0.7152317880794702,73,21024
VQC_L3,8,2,0.7420462087273934,0.6511254019292605,0.6328257191201354,73,21024
VQC_L3,8,3,0.7901215364194458,0.7090032154340836,0.6905982905982906,73,21024
VQC_L3,8,4,0.7712066533930646,0.7041800643086816,0.6902356902356902,73,21024
VQC_L4,8,0,0.8061017089762734,0.7347266881028939,0.7351524879614767,97,27936
VQC_L4,8,1,0.809285299485648,0.7170418006430869,0.7105263157894737,97,27936
VQC_L4,8,2,0.7973701675792267,0.7138263665594855,0.7192429022082019,97,27936
VQC_L4,8,3,0.8039240086278413,0.7009646302250804,0.7075471698113207,97,27936
VQC_L4,8,4,0.805863198938112,0.7170418006430869,0.7114754098360656,97,27936
