model,lr,seed,auc
VQC_L2_Q8,0.03,0,0.7680438028870085
VQC_L2_Q8,0.03,1,0.770200763232122
VQC_L2_Q8,0.03,2,0.7709785133565622
VQC_L2_Q8,0.03,3,0.7399929483988719
VQC_L2_Q8,0.03,4,0.7343620374979261
VQC_L2_Q8,0.1,0,0.7590737514518002
VQC_L2_Q8,0.1,1,0.7604218516674962
VQC_L2_Q8,0.1,2,0.7560353409656546
VQC_L2_Q8,0.1,3,0.7655550024888003
VQC_L2_Q8,0.1,4,0.7506533101045296
VQC_L2_Q8,0.3,0,0.7581819313091089
VQC_L2_Q8,0.3,1,0.754510950721752
VQC_L2_Q8,0.3,2,0.755226480836237
VQC_L2_Q8,0.3,3,0.7610440517670481
VQC_L2_Q8,0.3,4,0.7557657209225155
MatchedMLP_Q8,0.003,0,0.9554815828770532
MatchedMLP_Q8,0.003,1,0.9578666832586694
MatchedMLP_Q8,0.003,2,0.9510847021735523
MatchedMLP_Q8,0.003,3,0.9444582711133235
MatchedMLP_Q8,0.003,4,0.9632694541231127
MatchedMLP_Q8,0.01,0,0.9810954869752779
MatchedMLP_Q8,0.01,1,0.9815828770532603
MatchedMLP_Q8,0.01,2,0.9838124274099883
MatchedMLP_Q8,0.01,3,0.9813443670150988
MatchedMLP_Q8,0.01,4,0.9836568773851004
MatchedMLP_Q8,0.03,0,0.9830865272938443
MatchedMLP_Q8,0.03,1,0.9831383773021404
MatchedMLP_Q8,0.03,2,0.9833146673303468
MatchedMLP_Q8,0.03,3,0.9850049776007965
MatchedMLP_Q8,0.03,4,0.9836568773851003
MatchedMLP_Q8,0.1,0,0.9785237265637963
MatchedMLP_Q8,0.1,1,0.9777978264476521
MatchedMLP_Q8,0.1,2,0.9773622863779658
MatchedMLP_Q8,0.1,3,0.9809814169570267
MatchedMLP_Q8,0.1,4,0.9794518417122947
